-- phpMyAdmin SQL Dump
-- version 5.2.1
-- https://www.phpmyadmin.net/
--
-- Host: localhost
-- Generation Time: Jul 15, 2023 at 09:44 AM
-- Server version: 8.0.33
-- PHP Version: 8.2.8

SET SQL_MODE = "NO_AUTO_VALUE_ON_ZERO";
START TRANSACTION;
SET time_zone = "+00:00";


/*!40101 SET @OLD_CHARACTER_SET_CLIENT=@@CHARACTER_SET_CLIENT */;
/*!40101 SET @OLD_CHARACTER_SET_RESULTS=@@CHARACTER_SET_RESULTS */;
/*!40101 SET @OLD_COLLATION_CONNECTION=@@COLLATION_CONNECTION */;
/*!40101 SET NAMES utf8mb4 */;

--
-- Database: `tokoabahedi`
--

-- --------------------------------------------------------

--
-- Table structure for table `activations`
--

CREATE TABLE `activations` (
  `id` int UNSIGNED NOT NULL,
  `user_id` int UNSIGNED NOT NULL,
  `code` varchar(191) CHARACTER SET utf8mb4 COLLATE utf8mb4_unicode_ci NOT NULL,
  `completed` tinyint(1) NOT NULL DEFAULT '0',
  `completed_at` datetime DEFAULT NULL,
  `created_at` timestamp NULL DEFAULT NULL,
  `updated_at` timestamp NULL DEFAULT NULL
) ENGINE=InnoDB DEFAULT CHARSET=utf8mb4 COLLATE=utf8mb4_unicode_ci;

--
-- Dumping data for table `activations`
--

INSERT INTO `activations` (`id`, `user_id`, `code`, `completed`, `completed_at`, `created_at`, `updated_at`) VALUES
(1, 1, 'nZ3UT6w9zq689w2JH1TIRDhxI417LHtY', 1, '2023-07-13 18:39:59', '2023-07-13 11:39:59', '2023-07-13 11:39:59'),
(2, 2, '84WmkuXrzQbkkfydKNnv3fIjWQMsys2F', 1, '2023-07-15 11:51:14', '2023-07-15 04:51:14', '2023-07-15 04:51:14'),
(3, 3, 'N3ADA07mix15j67cO09atlnz9aWKk7lW', 1, '2023-07-15 16:07:49', '2023-07-15 09:07:49', '2023-07-15 09:07:49');

-- --------------------------------------------------------

--
-- Table structure for table `addresses`
--

CREATE TABLE `addresses` (
  `id` int UNSIGNED NOT NULL,
  `customer_id` int UNSIGNED NOT NULL,
  `first_name` varchar(191) CHARACTER SET utf8mb4 COLLATE utf8mb4_unicode_ci NOT NULL,
  `last_name` varchar(191) CHARACTER SET utf8mb4 COLLATE utf8mb4_unicode_ci NOT NULL,
  `address_1` varchar(191) CHARACTER SET utf8mb4 COLLATE utf8mb4_unicode_ci NOT NULL,
  `address_2` varchar(191) CHARACTER SET utf8mb4 COLLATE utf8mb4_unicode_ci DEFAULT NULL,
  `city` varchar(191) CHARACTER SET utf8mb4 COLLATE utf8mb4_unicode_ci NOT NULL,
  `state` varchar(191) CHARACTER SET utf8mb4 COLLATE utf8mb4_unicode_ci NOT NULL,
  `zip` varchar(191) CHARACTER SET utf8mb4 COLLATE utf8mb4_unicode_ci NOT NULL,
  `country` varchar(191) CHARACTER SET utf8mb4 COLLATE utf8mb4_unicode_ci NOT NULL,
  `created_at` timestamp NULL DEFAULT NULL,
  `updated_at` timestamp NULL DEFAULT NULL
) ENGINE=InnoDB DEFAULT CHARSET=utf8mb4 COLLATE=utf8mb4_unicode_ci;

--
-- Dumping data for table `addresses`
--

INSERT INTO `addresses` (`id`, `customer_id`, `first_name`, `last_name`, `address_1`, `address_2`, `city`, `state`, `zip`, `country`, `created_at`, `updated_at`) VALUES
(10, 2, 'Imron', 'Reviady', 'Kp. Cilangkap, Kecamatan Tapos', 'No 83', 'Depok', 'JB', '16458', 'ID', '2023-07-15 04:54:11', '2023-07-15 04:54:11'),
(11, 3, 'Customer', '1', 'asasdasd', 'asdasd', 'Depok', 'JB', '16458', 'ID', '2023-07-15 09:10:05', '2023-07-15 09:10:05');

-- --------------------------------------------------------

--
-- Table structure for table `attributes`
--

CREATE TABLE `attributes` (
  `id` int UNSIGNED NOT NULL,
  `attribute_set_id` int UNSIGNED NOT NULL,
  `is_filterable` tinyint(1) NOT NULL,
  `created_at` timestamp NULL DEFAULT NULL,
  `updated_at` timestamp NULL DEFAULT NULL,
  `slug` varchar(191) CHARACTER SET utf8mb4 COLLATE utf8mb4_unicode_ci DEFAULT NULL
) ENGINE=InnoDB DEFAULT CHARSET=utf8mb4 COLLATE=utf8mb4_unicode_ci;

--
-- Dumping data for table `attributes`
--

INSERT INTO `attributes` (`id`, `attribute_set_id`, `is_filterable`, `created_at`, `updated_at`, `slug`) VALUES
(1, 1, 1, '2023-07-14 08:00:01', '2023-07-14 08:00:01', 'brand'),
(2, 1, 0, '2023-07-14 08:03:23', '2023-07-14 08:03:23', 'processor-brand'),
(3, 1, 0, '2023-07-14 08:05:43', '2023-07-14 08:05:43', 'processor'),
(4, 3, 1, '2023-07-14 08:07:45', '2023-07-14 08:07:45', 'ram'),
(5, 3, 0, '2023-07-14 08:10:49', '2023-07-14 08:10:49', 'hdd'),
(6, 1, 0, '2023-07-14 08:12:08', '2023-07-14 08:12:08', 'ssd'),
(7, 1, 0, '2023-07-14 08:15:34', '2023-07-14 08:15:34', 'cpu-core-quantity'),
(8, 2, 0, '2023-07-14 08:17:32', '2023-07-14 08:17:32', 'selfie-camera'),
(9, 2, 0, '2023-07-14 08:19:39', '2023-07-14 08:19:39', 'main-camera'),
(10, 1, 0, '2023-07-14 08:21:29', '2023-07-14 08:21:29', 'display'),
(11, 3, 0, '2023-07-14 08:25:21', '2023-07-14 08:25:21', 'graphics'),
(12, 3, 0, '2023-07-14 08:27:08', '2023-07-14 08:27:08', 'battery'),
(13, 3, 0, '2023-07-14 08:28:54', '2023-07-14 08:28:54', 'networking'),
(14, 1, 0, '2023-07-14 09:24:30', '2023-07-14 09:24:30', 'operating-system'),
(15, 1, 1, '2023-07-14 12:07:37', '2023-07-14 12:07:37', 'color-family'),
(16, 1, 0, '2023-07-14 12:11:16', '2023-07-14 12:11:16', 'targeted-group'),
(17, 1, 1, '2023-07-14 12:14:37', '2023-07-14 12:14:37', 'size'),
(18, 1, 1, '2023-07-14 12:17:13', '2023-07-14 12:17:13', 'laptop-brand'),
(19, 1, 0, '2023-07-14 12:21:07', '2023-07-14 12:21:07', 'watch-processor'),
(20, 1, 0, '2023-07-14 12:23:09', '2023-07-14 12:23:09', 'watch-display'),
(21, 1, 0, '2023-07-14 12:26:53', '2023-07-14 12:26:53', 'watch-brand'),
(22, 3, 0, '2023-07-14 12:29:43', '2023-07-14 12:29:43', 'watch-gpu'),
(23, 1, 0, '2023-07-14 12:31:16', '2023-07-14 12:31:16', 'watch-os'),
(24, 3, 0, '2023-07-14 12:33:59', '2023-07-14 12:33:59', 'watch-ram'),
(25, 3, 0, '2023-07-14 12:36:06', '2023-07-14 12:36:06', 'watch-battery'),
(26, 3, 0, '2023-07-14 12:37:55', '2023-07-14 12:37:55', 'watch-sensors'),
(27, 4, 0, '2023-07-14 12:45:40', '2023-07-14 12:45:40', 'dimensions'),
(28, 4, 0, '2023-07-14 12:46:46', '2023-07-14 12:46:46', 'brand-PzYq5Zlt'),
(29, 4, 0, '2023-07-14 12:48:03', '2023-07-14 12:48:03', 'max-flight-time'),
(30, 4, 0, '2023-07-14 12:49:17', '2023-07-14 12:49:17', 'max-speed'),
(31, 4, 0, '2023-07-14 12:50:19', '2023-07-14 12:50:19', 'drone'),
(32, 1, 0, '2023-07-14 12:51:23', '2023-07-14 12:51:23', 'resolution');

-- --------------------------------------------------------

--
-- Table structure for table `attribute_categories`
--

CREATE TABLE `attribute_categories` (
  `attribute_id` int UNSIGNED NOT NULL,
  `category_id` int UNSIGNED NOT NULL
) ENGINE=InnoDB DEFAULT CHARSET=utf8mb4 COLLATE=utf8mb4_unicode_ci;

--
-- Dumping data for table `attribute_categories`
--

INSERT INTO `attribute_categories` (`attribute_id`, `category_id`) VALUES
(1, 1),
(4, 1),
(15, 1),
(18, 1),
(19, 1),
(20, 1),
(21, 1),
(22, 1),
(23, 1),
(24, 1),
(25, 1),
(26, 1),
(27, 1),
(28, 1),
(29, 1),
(30, 1),
(31, 1),
(32, 1),
(15, 2),
(17, 2),
(20, 3),
(21, 3),
(22, 3),
(23, 3),
(24, 3),
(25, 3),
(28, 3),
(29, 3),
(30, 3),
(31, 3),
(32, 3),
(15, 4),
(19, 4),
(20, 4),
(21, 4),
(22, 4),
(23, 4),
(24, 4),
(25, 4),
(26, 4),
(15, 6),
(15, 7),
(4, 8),
(15, 8),
(4, 10),
(15, 10),
(18, 10),
(4, 11),
(6, 11),
(15, 11),
(18, 11),
(15, 13),
(17, 13),
(15, 14),
(17, 14),
(15, 15),
(17, 15),
(15, 16),
(17, 16),
(15, 17),
(17, 17),
(32, 18),
(27, 19),
(28, 19),
(29, 19),
(30, 19),
(31, 19),
(32, 19),
(27, 20),
(28, 20),
(29, 20),
(30, 20),
(31, 20),
(4, 47),
(15, 47),
(4, 48),
(15, 48),
(4, 49),
(15, 49),
(4, 50),
(15, 50),
(4, 51),
(15, 51),
(4, 52),
(15, 52),
(4, 59),
(15, 59),
(4, 60),
(6, 60),
(15, 60),
(4, 61),
(15, 61),
(32, 61),
(4, 62),
(6, 62),
(15, 62),
(15, 63),
(32, 63),
(4, 64),
(6, 64),
(15, 64),
(18, 64),
(4, 65),
(6, 65),
(15, 65),
(18, 65),
(4, 66),
(6, 66),
(15, 66),
(18, 66),
(4, 67),
(15, 67),
(18, 67),
(4, 68),
(6, 68),
(15, 68),
(18, 68),
(15, 73),
(17, 73),
(15, 74),
(17, 74),
(15, 75),
(17, 75),
(15, 76),
(17, 76),
(15, 77),
(17, 77),
(15, 78),
(17, 78),
(15, 79),
(17, 79),
(15, 80),
(17, 80),
(17, 81),
(17, 82),
(17, 83),
(17, 84),
(15, 90),
(15, 91),
(17, 91),
(15, 92),
(17, 92),
(15, 93),
(17, 93),
(15, 94),
(17, 94),
(15, 95),
(17, 95),
(15, 98),
(17, 98),
(15, 100),
(19, 100),
(20, 100),
(21, 100),
(22, 100),
(23, 100),
(24, 100),
(25, 100),
(26, 100),
(15, 101),
(19, 101),
(20, 101),
(21, 101),
(22, 101),
(23, 101),
(24, 101),
(25, 101),
(26, 101),
(20, 102),
(15, 106),
(19, 106),
(20, 106),
(21, 106),
(22, 106),
(23, 106),
(24, 106),
(25, 106),
(26, 106),
(15, 107),
(19, 107),
(21, 107),
(22, 107),
(23, 107),
(24, 107),
(25, 107),
(26, 107),
(15, 108),
(21, 108),
(22, 108),
(23, 108),
(24, 108),
(25, 108),
(26, 108),
(15, 109),
(21, 109),
(22, 109),
(23, 109),
(24, 109),
(25, 109),
(26, 109),
(15, 126),
(15, 127),
(15, 137),
(19, 137),
(15, 140),
(17, 140);

-- --------------------------------------------------------

--
-- Table structure for table `attribute_sets`
--

CREATE TABLE `attribute_sets` (
  `id` int UNSIGNED NOT NULL,
  `created_at` timestamp NULL DEFAULT NULL,
  `updated_at` timestamp NULL DEFAULT NULL
) ENGINE=InnoDB DEFAULT CHARSET=utf8mb4 COLLATE=utf8mb4_unicode_ci;

--
-- Dumping data for table `attribute_sets`
--

INSERT INTO `attribute_sets` (`id`, `created_at`, `updated_at`) VALUES
(1, '2023-07-14 07:57:36', '2023-07-14 07:57:36'),
(2, '2023-07-14 07:57:44', '2023-07-14 07:57:44'),
(3, '2023-07-14 07:57:54', '2023-07-14 07:57:54'),
(4, '2023-07-14 07:58:05', '2023-07-14 07:58:05');

-- --------------------------------------------------------

--
-- Table structure for table `attribute_set_translations`
--

CREATE TABLE `attribute_set_translations` (
  `id` int UNSIGNED NOT NULL,
  `attribute_set_id` int UNSIGNED NOT NULL,
  `locale` varchar(191) CHARACTER SET utf8mb4 COLLATE utf8mb4_unicode_ci NOT NULL,
  `name` varchar(191) CHARACTER SET utf8mb4 COLLATE utf8mb4_unicode_ci NOT NULL
) ENGINE=InnoDB DEFAULT CHARSET=utf8mb4 COLLATE=utf8mb4_unicode_ci;

--
-- Dumping data for table `attribute_set_translations`
--

INSERT INTO `attribute_set_translations` (`id`, `attribute_set_id`, `locale`, `name`) VALUES
(1, 1, 'id_ID', 'Specification'),
(2, 2, 'id_ID', 'Camera'),
(3, 3, 'id_ID', 'Hardware'),
(4, 4, 'id_ID', 'Drone Specifications');

-- --------------------------------------------------------

--
-- Table structure for table `attribute_translations`
--

CREATE TABLE `attribute_translations` (
  `id` int UNSIGNED NOT NULL,
  `attribute_id` int UNSIGNED NOT NULL,
  `locale` varchar(191) CHARACTER SET utf8mb4 COLLATE utf8mb4_unicode_ci NOT NULL,
  `name` varchar(191) CHARACTER SET utf8mb4 COLLATE utf8mb4_unicode_ci NOT NULL
) ENGINE=InnoDB DEFAULT CHARSET=utf8mb4 COLLATE=utf8mb4_unicode_ci;

--
-- Dumping data for table `attribute_translations`
--

INSERT INTO `attribute_translations` (`id`, `attribute_id`, `locale`, `name`) VALUES
(1, 1, 'id_ID', 'Brand'),
(2, 2, 'id_ID', 'Processor Brand'),
(3, 3, 'id_ID', 'Processor'),
(4, 4, 'id_ID', 'RAM'),
(5, 5, 'id_ID', 'HDD'),
(6, 6, 'id_ID', 'SSD'),
(7, 7, 'id_ID', 'CPU Core Quantity'),
(8, 8, 'id_ID', 'Selfie Camera'),
(9, 9, 'id_ID', 'Main Camera'),
(10, 10, 'id_ID', 'Display'),
(11, 11, 'id_ID', 'Graphics'),
(12, 12, 'id_ID', 'Battery'),
(13, 13, 'id_ID', 'Networking'),
(14, 14, 'id_ID', 'Operating System'),
(15, 15, 'id_ID', 'Color Family'),
(16, 16, 'id_ID', 'Targeted Group'),
(17, 17, 'id_ID', 'Size'),
(18, 18, 'id_ID', 'Laptop Brand'),
(19, 19, 'id_ID', 'Watch Processor'),
(20, 20, 'id_ID', 'Watch Display'),
(21, 21, 'id_ID', 'Watch Brand'),
(22, 22, 'id_ID', 'Watch GPU'),
(23, 23, 'id_ID', 'Watch OS'),
(24, 24, 'id_ID', 'Watch Ram'),
(25, 25, 'id_ID', 'Watch Battery'),
(26, 26, 'id_ID', 'Watch Sensors'),
(27, 27, 'id_ID', 'Dimensions'),
(28, 28, 'id_ID', 'Brand'),
(29, 29, 'id_ID', 'Max Flight Time'),
(30, 30, 'id_ID', 'Max Speed'),
(31, 31, 'id_ID', 'Drone'),
(32, 32, 'id_ID', 'Resolution');

-- --------------------------------------------------------

--
-- Table structure for table `attribute_values`
--

CREATE TABLE `attribute_values` (
  `id` int UNSIGNED NOT NULL,
  `attribute_id` int UNSIGNED NOT NULL,
  `position` int UNSIGNED NOT NULL,
  `created_at` timestamp NULL DEFAULT NULL,
  `updated_at` timestamp NULL DEFAULT NULL
) ENGINE=InnoDB DEFAULT CHARSET=utf8mb4 COLLATE=utf8mb4_unicode_ci;

--
-- Dumping data for table `attribute_values`
--

INSERT INTO `attribute_values` (`id`, `attribute_id`, `position`, `created_at`, `updated_at`) VALUES
(1, 1, 0, '2023-07-14 08:00:01', '2023-07-14 08:00:01'),
(2, 1, 1, '2023-07-14 08:00:01', '2023-07-14 08:00:01'),
(3, 1, 2, '2023-07-14 08:00:01', '2023-07-14 08:00:01'),
(4, 1, 3, '2023-07-14 08:00:01', '2023-07-14 08:00:01'),
(5, 1, 4, '2023-07-14 08:00:01', '2023-07-14 08:00:01'),
(6, 1, 5, '2023-07-14 08:00:01', '2023-07-14 08:00:01'),
(7, 1, 6, '2023-07-14 08:00:01', '2023-07-14 08:00:01'),
(8, 1, 7, '2023-07-14 08:00:01', '2023-07-14 08:00:01'),
(9, 1, 8, '2023-07-14 08:00:01', '2023-07-14 08:00:01'),
(10, 1, 9, '2023-07-14 08:00:01', '2023-07-14 08:00:01'),
(11, 1, 10, '2023-07-14 08:00:01', '2023-07-14 08:00:01'),
(12, 2, 0, '2023-07-14 08:03:23', '2023-07-14 08:03:23'),
(13, 2, 1, '2023-07-14 08:03:23', '2023-07-14 08:03:23'),
(14, 2, 2, '2023-07-14 08:03:23', '2023-07-14 08:03:23'),
(15, 2, 3, '2023-07-14 08:03:23', '2023-07-14 08:03:23'),
(16, 2, 4, '2023-07-14 08:03:23', '2023-07-14 08:03:23'),
(17, 2, 5, '2023-07-14 08:03:23', '2023-07-14 08:03:23'),
(18, 3, 0, '2023-07-14 08:05:43', '2023-07-14 08:05:43'),
(19, 3, 1, '2023-07-14 08:05:43', '2023-07-14 08:05:43'),
(20, 3, 2, '2023-07-14 08:05:43', '2023-07-14 08:05:43'),
(21, 3, 3, '2023-07-14 08:05:43', '2023-07-14 08:05:43'),
(22, 3, 4, '2023-07-14 08:05:43', '2023-07-14 08:05:43'),
(23, 3, 5, '2023-07-14 08:05:43', '2023-07-14 08:05:43'),
(24, 4, 0, '2023-07-14 08:07:45', '2023-07-14 08:07:45'),
(25, 4, 1, '2023-07-14 08:07:45', '2023-07-14 08:07:45'),
(26, 4, 2, '2023-07-14 08:07:45', '2023-07-14 08:07:45'),
(27, 4, 3, '2023-07-14 08:07:45', '2023-07-14 08:07:45'),
(28, 4, 4, '2023-07-14 08:07:45', '2023-07-14 08:07:45'),
(29, 4, 5, '2023-07-14 08:07:45', '2023-07-14 08:07:45'),
(30, 4, 6, '2023-07-14 08:07:45', '2023-07-14 08:07:45'),
(31, 5, 0, '2023-07-14 08:10:49', '2023-07-14 08:10:49'),
(32, 5, 1, '2023-07-14 08:10:49', '2023-07-14 08:10:49'),
(33, 5, 2, '2023-07-14 08:10:49', '2023-07-14 08:10:49'),
(34, 5, 3, '2023-07-14 08:10:49', '2023-07-14 08:10:49'),
(35, 6, 0, '2023-07-14 08:12:08', '2023-07-14 08:12:08'),
(36, 6, 1, '2023-07-14 08:12:08', '2023-07-14 08:12:08'),
(37, 6, 2, '2023-07-14 08:12:08', '2023-07-14 08:12:08'),
(38, 6, 3, '2023-07-14 08:12:08', '2023-07-14 08:12:08'),
(39, 6, 4, '2023-07-14 08:12:08', '2023-07-14 08:12:08'),
(40, 7, 0, '2023-07-14 08:15:34', '2023-07-14 08:15:34'),
(41, 7, 1, '2023-07-14 08:15:34', '2023-07-14 08:15:34'),
(42, 7, 2, '2023-07-14 08:15:34', '2023-07-14 08:15:34'),
(43, 8, 0, '2023-07-14 08:17:32', '2023-07-14 08:17:32'),
(44, 8, 1, '2023-07-14 08:17:32', '2023-07-14 08:17:32'),
(45, 8, 2, '2023-07-14 08:17:32', '2023-07-14 08:17:32'),
(46, 9, 0, '2023-07-14 08:19:39', '2023-07-14 08:19:39'),
(47, 9, 1, '2023-07-14 08:19:39', '2023-07-14 08:19:39'),
(48, 9, 2, '2023-07-14 08:19:39', '2023-07-14 08:19:39'),
(49, 9, 3, '2023-07-14 08:19:39', '2023-07-14 08:19:39'),
(50, 9, 4, '2023-07-14 08:19:39', '2023-07-14 08:19:39'),
(51, 9, 5, '2023-07-14 08:19:39', '2023-07-14 08:19:39'),
(52, 9, 6, '2023-07-14 08:19:39', '2023-07-14 08:19:39'),
(53, 9, 7, '2023-07-14 08:19:39', '2023-07-14 08:19:39'),
(54, 10, 0, '2023-07-14 08:21:29', '2023-07-14 08:21:29'),
(55, 10, 1, '2023-07-14 08:21:29', '2023-07-14 08:21:29'),
(56, 10, 2, '2023-07-14 08:21:29', '2023-07-14 08:21:29'),
(57, 10, 3, '2023-07-14 08:21:29', '2023-07-14 08:21:29'),
(58, 10, 4, '2023-07-14 08:21:29', '2023-07-14 08:21:29'),
(59, 10, 5, '2023-07-14 08:21:29', '2023-07-14 08:21:29'),
(60, 10, 6, '2023-07-14 08:21:29', '2023-07-14 08:21:29'),
(61, 10, 7, '2023-07-14 08:21:29', '2023-07-14 08:21:29'),
(62, 10, 8, '2023-07-14 08:21:29', '2023-07-14 08:21:29'),
(63, 10, 9, '2023-07-14 08:21:29', '2023-07-14 08:21:29'),
(64, 10, 10, '2023-07-14 08:21:29', '2023-07-14 08:21:29'),
(65, 11, 0, '2023-07-14 08:25:21', '2023-07-14 08:25:21'),
(66, 11, 1, '2023-07-14 08:25:21', '2023-07-14 08:25:21'),
(67, 11, 2, '2023-07-14 08:25:21', '2023-07-14 08:25:21'),
(68, 11, 3, '2023-07-14 08:25:21', '2023-07-14 08:25:21'),
(69, 11, 4, '2023-07-14 08:25:21', '2023-07-14 08:25:21'),
(70, 11, 5, '2023-07-14 08:25:21', '2023-07-14 08:25:21'),
(71, 12, 0, '2023-07-14 08:27:08', '2023-07-14 08:27:08'),
(72, 12, 1, '2023-07-14 08:27:08', '2023-07-14 08:27:08'),
(73, 12, 2, '2023-07-14 08:27:08', '2023-07-14 08:27:08'),
(74, 12, 3, '2023-07-14 08:27:08', '2023-07-14 08:27:08'),
(75, 12, 4, '2023-07-14 08:27:08', '2023-07-14 08:27:08'),
(76, 12, 5, '2023-07-14 08:27:08', '2023-07-14 08:27:08'),
(77, 12, 6, '2023-07-14 08:27:08', '2023-07-14 08:27:08'),
(78, 12, 7, '2023-07-14 08:27:08', '2023-07-14 08:27:08'),
(79, 13, 0, '2023-07-14 08:28:54', '2023-07-14 08:28:54'),
(80, 14, 0, '2023-07-14 09:24:30', '2023-07-14 09:24:30'),
(81, 14, 1, '2023-07-14 09:24:30', '2023-07-14 09:24:30'),
(82, 14, 2, '2023-07-14 09:24:30', '2023-07-14 09:24:30'),
(83, 14, 3, '2023-07-14 09:24:30', '2023-07-14 09:24:30'),
(84, 14, 4, '2023-07-14 09:24:30', '2023-07-14 09:24:30'),
(85, 14, 5, '2023-07-14 09:24:30', '2023-07-14 09:24:30'),
(86, 14, 6, '2023-07-14 09:24:30', '2023-07-14 09:24:30'),
(87, 15, 0, '2023-07-14 12:07:37', '2023-07-14 12:07:37'),
(88, 15, 1, '2023-07-14 12:07:37', '2023-07-14 12:07:37'),
(89, 15, 2, '2023-07-14 12:07:37', '2023-07-14 12:07:37'),
(90, 15, 3, '2023-07-14 12:07:37', '2023-07-14 12:07:37'),
(91, 15, 4, '2023-07-14 12:07:37', '2023-07-14 12:07:37'),
(92, 15, 5, '2023-07-14 12:07:37', '2023-07-14 12:07:37'),
(93, 15, 6, '2023-07-14 12:07:37', '2023-07-14 12:07:37'),
(94, 15, 7, '2023-07-14 12:07:37', '2023-07-14 12:07:37'),
(95, 15, 8, '2023-07-14 12:07:37', '2023-07-14 12:07:37'),
(96, 15, 9, '2023-07-14 12:07:37', '2023-07-14 12:07:37'),
(97, 16, 0, '2023-07-14 12:11:16', '2023-07-14 12:11:16'),
(98, 16, 1, '2023-07-14 12:11:16', '2023-07-14 12:11:16'),
(99, 17, 0, '2023-07-14 12:14:37', '2023-07-14 12:14:37'),
(100, 17, 1, '2023-07-14 12:14:37', '2023-07-14 12:14:37'),
(101, 17, 2, '2023-07-14 12:14:37', '2023-07-14 12:14:37'),
(102, 17, 3, '2023-07-14 12:14:37', '2023-07-14 12:14:37'),
(103, 17, 4, '2023-07-14 12:14:37', '2023-07-14 12:14:37'),
(104, 18, 0, '2023-07-14 12:17:13', '2023-07-14 12:17:13'),
(105, 18, 1, '2023-07-14 12:17:13', '2023-07-14 12:17:13'),
(106, 18, 2, '2023-07-14 12:17:13', '2023-07-14 12:17:13'),
(107, 18, 3, '2023-07-14 12:17:13', '2023-07-14 12:17:13'),
(108, 18, 4, '2023-07-14 12:17:13', '2023-07-14 12:17:13'),
(109, 18, 5, '2023-07-14 12:17:13', '2023-07-14 12:17:13'),
(110, 18, 6, '2023-07-14 12:17:13', '2023-07-14 12:17:13'),
(111, 18, 7, '2023-07-14 12:17:13', '2023-07-14 12:17:13'),
(112, 18, 8, '2023-07-14 12:17:13', '2023-07-14 12:17:13'),
(113, 18, 9, '2023-07-14 12:17:13', '2023-07-14 12:17:13'),
(114, 18, 10, '2023-07-14 12:17:13', '2023-07-14 12:17:13'),
(115, 19, 0, '2023-07-14 12:21:07', '2023-07-14 12:21:07'),
(116, 19, 1, '2023-07-14 12:21:07', '2023-07-14 12:21:07'),
(117, 19, 2, '2023-07-14 12:21:07', '2023-07-14 12:21:07'),
(118, 20, 0, '2023-07-14 12:23:09', '2023-07-14 12:23:09'),
(119, 20, 1, '2023-07-14 12:23:09', '2023-07-14 12:23:09'),
(120, 20, 2, '2023-07-14 12:23:09', '2023-07-14 12:23:09'),
(121, 21, 0, '2023-07-14 12:26:53', '2023-07-14 12:26:53'),
(122, 21, 1, '2023-07-14 12:26:53', '2023-07-14 12:26:53'),
(123, 21, 2, '2023-07-14 12:26:53', '2023-07-14 12:26:53'),
(124, 21, 3, '2023-07-14 12:26:53', '2023-07-14 12:26:53'),
(125, 21, 4, '2023-07-14 12:26:53', '2023-07-14 12:26:53'),
(126, 22, 0, '2023-07-14 12:29:43', '2023-07-14 12:29:43'),
(127, 22, 1, '2023-07-14 12:29:43', '2023-07-14 12:29:43'),
(128, 22, 2, '2023-07-14 12:29:43', '2023-07-14 12:29:43'),
(129, 23, 0, '2023-07-14 12:31:17', '2023-07-14 12:31:17'),
(130, 23, 1, '2023-07-14 12:31:17', '2023-07-14 12:31:17'),
(131, 23, 2, '2023-07-14 12:31:17', '2023-07-14 12:31:17'),
(132, 24, 0, '2023-07-14 12:33:59', '2023-07-14 12:33:59'),
(133, 24, 1, '2023-07-14 12:33:59', '2023-07-14 12:33:59'),
(134, 24, 2, '2023-07-14 12:33:59', '2023-07-14 12:33:59'),
(135, 25, 0, '2023-07-14 12:36:06', '2023-07-14 12:36:06'),
(136, 25, 1, '2023-07-14 12:36:06', '2023-07-14 12:36:06'),
(137, 25, 2, '2023-07-14 12:36:06', '2023-07-14 12:36:06'),
(138, 26, 0, '2023-07-14 12:37:55', '2023-07-14 12:37:55'),
(139, 26, 1, '2023-07-14 12:37:55', '2023-07-14 12:37:55'),
(140, 27, 0, '2023-07-14 12:45:40', '2023-07-14 12:45:40'),
(141, 27, 1, '2023-07-14 12:45:40', '2023-07-14 12:45:40'),
(142, 28, 0, '2023-07-14 12:46:46', '2023-07-14 12:46:46'),
(143, 29, 0, '2023-07-14 12:48:03', '2023-07-14 12:48:03'),
(144, 29, 1, '2023-07-14 12:48:03', '2023-07-14 12:48:03'),
(145, 30, 0, '2023-07-14 12:49:17', '2023-07-14 12:49:17'),
(146, 30, 1, '2023-07-14 12:49:17', '2023-07-14 12:49:17'),
(147, 30, 2, '2023-07-14 12:49:17', '2023-07-14 12:49:17'),
(148, 31, 0, '2023-07-14 12:50:19', '2023-07-14 12:50:19'),
(149, 31, 1, '2023-07-14 12:50:19', '2023-07-14 12:50:19'),
(150, 32, 0, '2023-07-14 12:51:23', '2023-07-14 12:51:23');

-- --------------------------------------------------------

--
-- Table structure for table `attribute_value_translations`
--

CREATE TABLE `attribute_value_translations` (
  `id` int UNSIGNED NOT NULL,
  `attribute_value_id` int UNSIGNED NOT NULL,
  `locale` varchar(191) CHARACTER SET utf8mb4 COLLATE utf8mb4_unicode_ci NOT NULL,
  `value` varchar(191) CHARACTER SET utf8mb4 COLLATE utf8mb4_unicode_ci NOT NULL
) ENGINE=InnoDB DEFAULT CHARSET=utf8mb4 COLLATE=utf8mb4_unicode_ci;

--
-- Dumping data for table `attribute_value_translations`
--

INSERT INTO `attribute_value_translations` (`id`, `attribute_value_id`, `locale`, `value`) VALUES
(1, 1, 'id_ID', 'Apple'),
(2, 2, 'id_ID', 'OnePlus'),
(3, 3, 'id_ID', 'Huawei'),
(4, 4, 'id_ID', 'Samsung'),
(5, 5, 'id_ID', 'Xiaomi'),
(6, 6, 'id_ID', 'ZTE'),
(7, 7, 'id_ID', 'ASUS'),
(8, 8, 'id_ID', 'GOOGLE'),
(9, 9, 'id_ID', 'LG'),
(10, 10, 'id_ID', 'TCL'),
(11, 11, 'id_ID', 'SONY'),
(12, 12, 'id_ID', 'INTEL'),
(13, 13, 'id_ID', 'AMD'),
(14, 14, 'id_ID', 'SNAPDRAGON'),
(15, 15, 'id_ID', 'MEDIATEK'),
(16, 16, 'id_ID', 'A11 BIONIC'),
(17, 17, 'id_ID', 'A10 FUSION'),
(18, 18, 'id_ID', '10th Gen. Intel Core i7'),
(19, 19, 'id_ID', '10th Gen. Intel Core i5'),
(20, 20, 'id_ID', 'Kirin 990 5G (7 nm+)'),
(21, 21, 'id_ID', 'Apple A13 Bionic (7 nm+)'),
(22, 22, 'id_ID', 'Qualcomm SM8250 Snapdragon 865 (7 nm+)'),
(23, 23, 'id_ID', 'AMD Ryzen 7 3800X'),
(24, 24, 'id_ID', '2GB'),
(25, 25, 'id_ID', '4GB'),
(26, 26, 'id_ID', '8GB'),
(27, 27, 'id_ID', '6GB'),
(28, 28, 'id_ID', '12GB'),
(29, 29, 'id_ID', '16GB'),
(30, 30, 'id_ID', '32GB'),
(31, 31, 'id_ID', '500GB'),
(32, 32, 'id_ID', '1TB'),
(33, 33, 'id_ID', '2TB'),
(34, 34, 'id_ID', '4TB'),
(35, 35, 'id_ID', '128GB'),
(36, 36, 'id_ID', '256GB'),
(37, 37, 'id_ID', '512GB'),
(38, 38, 'id_ID', '1TB'),
(39, 39, 'id_ID', '2TB'),
(40, 40, 'id_ID', 'Dual Core'),
(41, 41, 'id_ID', 'Quad Core'),
(42, 42, 'id_ID', 'Octa Core'),
(43, 43, 'id_ID', '10 MP, f/2.2, 26mm (wide), 1/3.2\", 1.22µm, Dual Pixel PDAF'),
(44, 44, 'id_ID', '16 MP, f/2.5, (wide), 1/3\", 1.0µm'),
(45, 45, 'id_ID', '32 MP, f/2.0, 26mm (wide), 1/2.8\", 0.8µm'),
(46, 46, 'id_ID', '8 MP, f/2.4, (telephoto), 1/1.0µm, PDAF, OIS, 3x optical zoom'),
(47, 47, 'id_ID', '8 MP, f/3.4, 125mm (periscope telephoto), 1/4.0\", PDAF, OIS, 5x optical zoom'),
(48, 48, 'id_ID', '12 MP, f/1.8, 26mm (wide), 1/1.76\", 1.8µm, Dual Pixel PDAF, OIS'),
(49, 49, 'id_ID', '20 MP, f/2.2, 16mm (ultrawide), 1/2.7\", PDAF'),
(50, 50, 'id_ID', '40 MP, f/1.6, 27mm (wide), 1/1.7\", PDAF, OIS'),
(51, 51, 'id_ID', '40 MP, f/1.6, 27mm (wide), 1/1.7\", PDAF, OIS'),
(52, 52, 'id_ID', '48 MP, f/1.8, 25mm (wide), 1/1.43\", 1.12µm, omnidirectional PDAF, Laser AF, OIS'),
(53, 53, 'id_ID', '64 MP, f/2.0, 29mm (telephoto), 1/1.72\", 0.8µm, PDAF, OIS, 1.1x optical zoom, 3x hybrid zoom'),
(54, 54, 'id_ID', '6.3-inch AMOLED'),
(55, 55, 'id_ID', '4.7-inch screen IPS'),
(56, 56, 'id_ID', '6.1-inche IPS LCD'),
(57, 57, 'id_ID', '13-inch Retina'),
(58, 58, 'id_ID', '16-inch Retina'),
(59, 59, 'id_ID', '17.3-inch 4K'),
(60, 60, 'id_ID', '15.6 inch FHD LED'),
(61, 61, 'id_ID', '65 inch FHD'),
(62, 62, 'id_ID', '75 inch OLED'),
(63, 63, 'id_ID', '85 inch QLED'),
(64, 64, 'id_ID', '55 inch AMOLED'),
(65, 65, 'id_ID', 'Ardreno 650'),
(66, 66, 'id_ID', 'Adreno 640'),
(67, 67, 'id_ID', 'NVIDIA GeForce GTX 1650'),
(68, 68, 'id_ID', 'NVIDIA GeForce GTX 1080'),
(69, 69, 'id_ID', 'NVIDIA GeForce GTX 2070'),
(70, 70, 'id_ID', 'NVIDIA GeForce GTX 2080'),
(71, 71, 'id_ID', '4000mah'),
(72, 72, 'id_ID', '5000mah'),
(73, 73, 'id_ID', '1650mah'),
(74, 74, 'id_ID', '3160mah'),
(75, 75, 'id_ID', '58.0-watt-hour lithium-polymer battery'),
(76, 76, 'id_ID', '60.0-watt-hour lithium-polymer battery'),
(77, 77, 'id_ID', '70.0-watt-hour lithium-polymer battery'),
(78, 78, 'id_ID', '90.0-watt-hour lithium-polymer battery'),
(79, 79, 'id_ID', 'WiFi, Bluetooth, HD Webcam'),
(80, 80, 'id_ID', 'Windows'),
(81, 81, 'id_ID', 'Android'),
(82, 82, 'id_ID', 'IOS'),
(83, 83, 'id_ID', 'Mac'),
(84, 84, 'id_ID', 'Linux'),
(85, 85, 'id_ID', 'TvOS'),
(86, 86, 'id_ID', 'WebOS'),
(87, 87, 'id_ID', 'Black'),
(88, 88, 'id_ID', 'White'),
(89, 89, 'id_ID', 'Silver'),
(90, 90, 'id_ID', 'Red'),
(91, 91, 'id_ID', 'Green'),
(92, 92, 'id_ID', 'Blue'),
(93, 93, 'id_ID', 'Gold'),
(94, 94, 'id_ID', 'Space Grey'),
(95, 95, 'id_ID', 'Brown'),
(96, 96, 'id_ID', 'Olive'),
(97, 97, 'id_ID', 'Men'),
(98, 98, 'id_ID', 'Women'),
(99, 99, 'id_ID', 'SM'),
(100, 100, 'id_ID', 'M'),
(101, 101, 'id_ID', 'L'),
(102, 102, 'id_ID', 'XL'),
(103, 103, 'id_ID', 'XXL'),
(104, 104, 'id_ID', 'HP'),
(105, 105, 'id_ID', 'APPLE'),
(106, 106, 'id_ID', 'MSI'),
(107, 107, 'id_ID', 'LG'),
(108, 108, 'id_ID', 'ASUS'),
(109, 109, 'id_ID', 'ACER'),
(110, 110, 'id_ID', 'LENOVO'),
(111, 111, 'id_ID', 'RAZER'),
(112, 112, 'id_ID', 'MICROSOFT'),
(113, 113, 'id_ID', 'DELL'),
(114, 114, 'id_ID', 'HUAWEI'),
(115, 115, 'id_ID', 'Exynos 9110 (10 nm)'),
(116, 116, 'id_ID', 'Apple S5'),
(117, 117, 'id_ID', 'Exynos 7 Dual 7270 (14 nm)'),
(118, 118, 'id_ID', '1.3 inches, 10.8 cm2 (~48.1% screen-to-body ratio)'),
(119, 119, 'id_ID', '1.78 inches, 10.0 cm2 (~60.0% screen-to-body ratio)'),
(120, 120, 'id_ID', '1.3 inches, 10.8 cm2 (~48.1% screen-to-body ratio)'),
(121, 121, 'id_ID', 'Apple'),
(122, 122, 'id_ID', 'Samsung'),
(123, 123, 'id_ID', 'Fossil'),
(124, 124, 'id_ID', 'Michael Kors'),
(125, 125, 'id_ID', 'Fanmis'),
(126, 126, 'id_ID', 'Mali-T720'),
(127, 127, 'id_ID', 'PowerVR'),
(128, 128, 'id_ID', 'Mali-T710'),
(129, 129, 'id_ID', 'Tizen-based wearable OS 4.0'),
(130, 130, 'id_ID', 'watchOS 6.0, upgradable to 6.2'),
(131, 131, 'id_ID', 'WatchOS 6.2'),
(132, 132, 'id_ID', '768MB'),
(133, 133, 'id_ID', '1.5GB'),
(134, 134, 'id_ID', '2GB'),
(135, 135, 'id_ID', 'Non-removable Li-Ion 472 mAh battery'),
(136, 136, 'id_ID', 'Non-removable Li-Ion 380 mAh battery'),
(137, 137, 'id_ID', 'Non-removable Li-Ion battery'),
(138, 138, 'id_ID', 'Accelerometer, gyro, heart rate, barometer'),
(139, 139, 'id_ID', 'Accelerometer, gyro, heart rate (2nd gen), barometer, compass'),
(140, 140, 'id_ID', '8.4×3.6×3.3 in. (Folded)'),
(141, 141, 'id_ID', '7.4x3.8x3.3 in. (Folded)'),
(142, 142, 'id_ID', 'DJI'),
(143, 143, 'id_ID', '31 min'),
(144, 144, 'id_ID', '34 min'),
(145, 145, 'id_ID', '44 mph (S-mode)'),
(146, 146, 'id_ID', '42.5 mph (S-mode)'),
(147, 147, 'id_ID', '29 mph (S-mode)'),
(148, 148, 'id_ID', '4K, 2.7K, FHD'),
(149, 149, 'id_ID', '8K Hyperlapse, 4K, 2.7K, FHD'),
(150, 150, 'id_ID', '3,840 x 2,160');

-- --------------------------------------------------------

--
-- Table structure for table `brands`
--

CREATE TABLE `brands` (
  `id` int UNSIGNED NOT NULL,
  `slug` varchar(191) CHARACTER SET utf8mb4 COLLATE utf8mb4_unicode_ci NOT NULL,
  `is_active` tinyint(1) NOT NULL,
  `created_at` timestamp NULL DEFAULT NULL,
  `updated_at` timestamp NULL DEFAULT NULL
) ENGINE=InnoDB DEFAULT CHARSET=utf8mb4 COLLATE=utf8mb4_unicode_ci;

--
-- Dumping data for table `brands`
--

INSERT INTO `brands` (`id`, `slug`, `is_active`, `created_at`, `updated_at`) VALUES
(1, 'apple', 1, '2023-07-14 07:42:36', '2023-07-14 07:42:36'),
(2, 'samsung', 1, '2023-07-14 07:43:39', '2023-07-14 07:43:39'),
(3, 'huawei', 1, '2023-07-14 07:47:07', '2023-07-14 07:47:07'),
(4, 'oneplus', 1, '2023-07-14 07:48:48', '2023-07-14 07:48:48'),
(5, 'hp', 1, '2023-07-14 07:49:57', '2023-07-14 07:50:05'),
(6, 'dell', 1, '2023-07-14 07:52:56', '2023-07-14 07:52:56'),
(7, 'acer', 1, '2023-07-14 07:54:19', '2023-07-14 07:54:19'),
(8, 'asus', 1, '2023-07-14 07:54:33', '2023-07-14 07:54:33'),
(9, 'microsoft', 1, '2023-07-14 07:54:45', '2023-07-14 07:54:45'),
(10, 'lenovo', 1, '2023-07-14 07:54:54', '2023-07-14 07:54:54'),
(11, 'reebox', 1, '2023-07-14 07:55:04', '2023-07-14 07:55:07'),
(12, 'msi', 1, '2023-07-14 07:55:14', '2023-07-14 07:55:14'),
(13, 'lg', 1, '2023-07-14 07:55:18', '2023-07-14 07:55:18'),
(14, 'beats', 1, '2023-07-14 07:55:40', '2023-07-14 07:55:40'),
(15, 'adidas', 1, '2023-07-14 07:55:49', '2023-07-14 07:55:49'),
(16, 'nike', 1, '2023-07-14 07:55:57', '2023-07-14 07:55:57'),
(17, 'sony', 1, '2023-07-14 07:56:05', '2023-07-14 07:56:05'),
(18, 'nokia', 1, '2023-07-14 07:56:48', '2023-07-14 07:56:48');

-- --------------------------------------------------------

--
-- Table structure for table `brand_translations`
--

CREATE TABLE `brand_translations` (
  `id` int UNSIGNED NOT NULL,
  `brand_id` int NOT NULL,
  `locale` varchar(191) CHARACTER SET utf8mb4 COLLATE utf8mb4_unicode_ci NOT NULL,
  `name` varchar(191) CHARACTER SET utf8mb4 COLLATE utf8mb4_unicode_ci NOT NULL
) ENGINE=InnoDB DEFAULT CHARSET=utf8mb4 COLLATE=utf8mb4_unicode_ci;

--
-- Dumping data for table `brand_translations`
--

INSERT INTO `brand_translations` (`id`, `brand_id`, `locale`, `name`) VALUES
(1, 1, 'id_ID', 'Apple'),
(2, 2, 'id_ID', 'Samsung'),
(3, 3, 'id_ID', 'Huawei'),
(4, 4, 'id_ID', 'OnePlus'),
(5, 5, 'id_ID', 'HP'),
(6, 6, 'id_ID', 'Dell'),
(7, 7, 'id_ID', 'Acer'),
(8, 8, 'id_ID', 'ASUS'),
(9, 9, 'id_ID', 'Microsoft'),
(10, 10, 'id_ID', 'Lenovo'),
(11, 11, 'id_ID', 'Reebox'),
(12, 12, 'id_ID', 'MSI'),
(13, 13, 'id_ID', 'LG'),
(14, 14, 'id_ID', 'Beats'),
(15, 15, 'id_ID', 'Adidas'),
(16, 16, 'id_ID', 'NIKE'),
(17, 17, 'id_ID', 'SONY'),
(18, 18, 'id_ID', 'NOKIA'),
(19, 19, 'id_ID', 'etsttasd');

-- --------------------------------------------------------

--
-- Table structure for table `categories`
--

CREATE TABLE `categories` (
  `id` int UNSIGNED NOT NULL,
  `parent_id` int UNSIGNED DEFAULT NULL,
  `slug` varchar(191) CHARACTER SET utf8mb4 COLLATE utf8mb4_unicode_ci NOT NULL,
  `position` int UNSIGNED DEFAULT NULL,
  `is_searchable` tinyint(1) NOT NULL,
  `is_active` tinyint(1) NOT NULL,
  `created_at` timestamp NULL DEFAULT NULL,
  `updated_at` timestamp NULL DEFAULT NULL
) ENGINE=InnoDB DEFAULT CHARSET=utf8mb4 COLLATE=utf8mb4_unicode_ci;

--
-- Dumping data for table `categories`
--

INSERT INTO `categories` (`id`, `parent_id`, `slug`, `position`, `is_searchable`, `is_active`, `created_at`, `updated_at`) VALUES
(1, NULL, 'electronics', 0, 1, 1, '2023-07-14 06:41:00', '2023-07-15 09:12:52'),
(2, NULL, 'mens-fashion', 32, 1, 1, '2023-07-14 06:41:19', '2023-07-15 09:12:52'),
(3, NULL, 'consumer-electronics', 65, 0, 1, '2023-07-14 06:41:32', '2023-07-15 09:12:52'),
(4, NULL, 'watches', 95, 0, 1, '2023-07-14 06:41:45', '2023-07-15 09:12:52'),
(5, NULL, 'home-appliances', 106, 0, 1, '2023-07-14 06:41:58', '2023-07-15 09:12:52'),
(6, NULL, 'backpacks', 123, 0, 1, '2023-07-14 06:43:22', '2023-07-15 09:12:52'),
(7, NULL, 'womens-fashion', 132, 0, 1, '2023-07-14 06:43:45', '2023-07-15 09:12:52'),
(8, 1, 'mobiles', 1, 0, 1, '2023-07-14 06:44:13', '2023-07-15 09:12:52'),
(9, 1, 'mobile-accessories', 7, 0, 1, '2023-07-14 06:44:24', '2023-07-15 09:12:52'),
(10, 1, 'hot-brands', 14, 0, 1, '2023-07-14 06:45:47', '2023-07-15 09:12:52'),
(11, 1, 'laptops', 20, 0, 1, '2023-07-14 06:46:08', '2023-07-15 09:12:52'),
(12, 1, 'computer-accessories', 26, 0, 1, '2023-07-14 06:49:33', '2023-07-15 09:12:52'),
(13, 2, 'clothing', 33, 0, 1, '2023-07-14 06:50:47', '2023-07-15 09:12:52'),
(14, 2, 'shoes', 40, 0, 1, '2023-07-14 06:50:58', '2023-07-15 09:12:52'),
(15, 2, 'outerwear-jackets', 47, 0, 1, '2023-07-14 06:51:41', '2023-07-15 09:12:52'),
(16, 2, 'hot-sale', 53, 0, 1, '2023-07-14 06:51:55', '2023-07-15 09:12:52'),
(17, 2, 'bottoms', 59, 0, 1, '2023-07-14 06:52:25', '2023-07-15 09:12:52'),
(18, 3, 'televisions', 66, 0, 1, '2023-07-14 06:53:00', '2023-07-15 09:12:52'),
(19, 3, 'gadgets', 67, 0, 1, '2023-07-14 06:53:10', '2023-07-15 09:12:52'),
(20, 3, 'drones', 68, 0, 1, '2023-07-14 07:04:00', '2023-07-15 09:12:52'),
(21, 3, 'supplies', 69, 0, 1, '2023-07-14 07:04:14', '2023-07-15 09:12:52'),
(22, 3, 'camera-photo', 70, 0, 1, '2023-07-14 07:05:09', '2023-07-15 09:12:52'),
(23, 3, 'car-vehicle', 71, 0, 1, '2023-07-14 07:05:18', '2023-07-15 09:12:52'),
(24, 3, 'cell-phones', 72, 0, 1, '2023-07-14 07:05:27', '2023-07-15 09:12:52'),
(25, 3, 'computer', 73, 0, 1, '2023-07-14 07:05:36', '2023-07-15 09:12:52'),
(26, 3, 'gps-navigation', 74, 0, 1, '2023-07-14 07:05:45', '2023-07-15 09:12:52'),
(27, 3, 'headphones', 75, 0, 1, '2023-07-14 07:05:55', '2023-07-15 09:12:52'),
(28, 3, 'home-audio', 76, 0, 1, '2023-07-14 07:06:09', '2023-07-15 09:12:52'),
(29, 3, 'office-electronics', 77, 0, 1, '2023-07-14 07:06:23', '2023-07-15 09:12:52'),
(30, 3, 'audio-video', 78, 0, 1, '2023-07-14 07:06:32', '2023-07-15 09:12:52'),
(31, 3, 'security', 79, 0, 1, '2023-07-14 07:06:46', '2023-07-15 09:12:52'),
(32, 3, 'service-plans', 80, 0, 1, '2023-07-14 07:14:18', '2023-07-15 09:12:52'),
(33, 3, 'video-game', 81, 0, 1, '2023-07-14 07:14:34', '2023-07-15 09:12:52'),
(34, 3, 'video-projectors', 82, 0, 1, '2023-07-14 07:14:46', '2023-07-15 09:12:52'),
(35, 3, 'wearable-technology', 83, 0, 1, '2023-07-14 07:15:00', '2023-07-15 09:12:52'),
(36, 3, 'ebook-readers', 84, 0, 1, '2023-07-14 07:16:22', '2023-07-15 09:12:52'),
(37, 3, 'office-supplies', 85, 0, 1, '2023-07-14 07:16:39', '2023-07-15 09:12:52'),
(38, 3, 'all-computers', 86, 0, 1, '2023-07-14 07:16:52', '2023-07-15 09:12:52'),
(39, 3, 'desktops-monitors', 87, 0, 1, '2023-07-14 07:17:04', '2023-07-15 09:12:52'),
(40, 3, 'drives-storage', 88, 0, 1, '2023-07-14 07:17:16', '2023-07-15 09:12:52'),
(41, 3, 'networking', 89, 0, 1, '2023-07-14 07:17:29', '2023-07-15 09:12:52'),
(42, 3, 'keyboards-mice', 90, 0, 1, '2023-07-14 07:17:41', '2023-07-15 09:12:52'),
(43, 3, 'pc-gaming', 91, 0, 1, '2023-07-14 07:17:52', '2023-07-15 09:12:52'),
(44, 3, 'computer-accessories-RdguaBBN', 92, 0, 1, '2023-07-14 07:18:03', '2023-07-15 09:12:52'),
(45, 3, 'printers-ink', 93, 0, 1, '2023-07-14 07:18:16', '2023-07-15 09:12:52'),
(46, 3, 'office-supplies-ghGXELjS', 94, 0, 1, '2023-07-14 07:18:28', '2023-07-15 09:12:52'),
(47, NULL, 'smartphones', 31, 0, 1, '2023-07-14 07:23:33', '2023-07-15 09:12:52'),
(48, 8, 'android', 2, 0, 1, '2023-07-14 07:23:47', '2023-07-15 09:12:52'),
(49, 8, 'iphone', 3, 0, 1, '2023-07-14 07:24:18', '2023-07-15 09:12:52'),
(50, 8, 'featured', 4, 0, 1, '2023-07-14 07:25:51', '2023-07-15 09:12:52'),
(51, 8, 'refurbished', 5, 0, 1, '2023-07-14 07:26:05', '2023-07-15 09:12:52'),
(52, 8, 'brands', 6, 0, 1, '2023-07-14 07:26:18', '2023-07-15 09:12:52'),
(53, 9, 'cases-covers', 8, 0, 1, '2023-07-14 07:27:53', '2023-07-15 09:12:52'),
(54, 9, 'cables', 9, 0, 1, '2023-07-14 07:28:06', '2023-07-15 09:12:52'),
(55, 9, 'chargers', 10, 0, 1, '2023-07-14 07:28:19', '2023-07-15 09:12:52'),
(56, 9, 'power-bank', 11, 0, 1, '2023-07-14 07:28:31', '2023-07-15 09:12:52'),
(57, 9, 'headphones-TTypYM3k', 12, 0, 1, '2023-07-14 07:32:05', '2023-07-15 09:12:52'),
(58, 9, 'screen-protectors', 13, 0, 1, '2023-07-14 07:32:19', '2023-07-15 09:12:52'),
(59, 10, 'oneplus', 15, 0, 1, '2023-07-14 07:32:40', '2023-07-15 09:12:52'),
(60, 10, 'apple', 16, 0, 1, '2023-07-14 07:32:52', '2023-07-15 09:12:52'),
(61, 10, 'samsung', 17, 0, 1, '2023-07-14 07:33:47', '2023-07-15 09:12:52'),
(62, 10, 'huawei', 18, 0, 1, '2023-07-14 07:34:00', '2023-07-15 09:12:52'),
(63, 10, 'sony', 19, 0, 1, '2023-07-14 07:34:14', '2023-07-15 09:12:52'),
(64, 11, 'mackbook', 21, 0, 1, '2023-07-14 07:34:49', '2023-07-15 09:12:52'),
(65, 11, 'gaming', 22, 0, 1, '2023-07-14 07:35:26', '2023-07-15 09:12:52'),
(66, 11, 'ultraslim', 23, 0, 1, '2023-07-14 07:35:41', '2023-07-15 09:12:52'),
(67, 11, 'tablets', 24, 0, 1, '2023-07-14 07:35:57', '2023-07-15 09:12:52'),
(68, 11, 'all-laptops', 25, 0, 1, '2023-07-14 07:36:11', '2023-07-15 09:12:52'),
(69, 12, 'monitors', 27, 0, 1, '2023-07-14 07:39:17', '2023-07-15 09:12:52'),
(70, 12, 'keyboard-mouse', 28, 0, 1, '2023-07-14 07:39:32', '2023-07-15 09:12:52'),
(71, 12, 'pendrive', 29, 0, 1, '2023-07-14 07:39:50', '2023-07-15 09:12:52'),
(72, 12, 'speaker', 30, 0, 1, '2023-07-14 07:40:07', '2023-07-15 09:12:52'),
(73, 13, 'shirts', 34, 1, 1, '2023-07-14 07:40:53', '2023-07-15 09:12:52'),
(74, 13, 'all-clothing', 35, 0, 1, '2023-07-14 09:51:29', '2023-07-15 09:12:52'),
(75, 13, 'sportwear', 36, 0, 1, '2023-07-14 09:52:03', '2023-07-15 09:12:52'),
(76, 13, 'belts', 37, 0, 1, '2023-07-14 09:52:29', '2023-07-15 09:12:52'),
(77, 13, 'pants', 38, 0, 1, '2023-07-14 09:52:34', '2023-07-15 09:12:52'),
(78, 13, 'formal-shoes', 39, 0, 1, '2023-07-14 09:52:47', '2023-07-15 09:12:52'),
(79, 14, 'all-shoes', 41, 0, 1, '2023-07-14 09:53:19', '2023-07-15 09:12:52'),
(80, 14, 'sneakers', 42, 0, 1, '2023-07-14 09:53:37', '2023-07-15 09:12:52'),
(81, 14, 'boots', 43, 0, 1, '2023-07-14 09:53:42', '2023-07-15 09:12:52'),
(82, 14, 'sandals', 44, 0, 1, '2023-07-14 09:53:46', '2023-07-15 09:12:52'),
(83, 14, 'slippers-flip-flops', 45, 0, 1, '2023-07-14 09:54:05', '2023-07-15 09:12:52'),
(84, 14, 'sports-shoes', 46, 0, 1, '2023-07-14 09:54:14', '2023-07-15 09:12:52'),
(85, 15, 'trench', 48, 0, 1, '2023-07-14 09:54:28', '2023-07-15 09:12:52'),
(86, 15, 'genuine-leather', 49, 0, 1, '2023-07-14 09:54:43', '2023-07-15 09:12:52'),
(87, 15, 'down-jackets', 50, 0, 1, '2023-07-14 09:54:53', '2023-07-15 09:12:52'),
(88, 15, 'wool-blends', 51, 0, 1, '2023-07-14 09:55:16', '2023-07-15 09:12:52'),
(89, 15, 'suits-blazer', 52, 0, 1, '2023-07-14 09:55:30', '2023-07-15 09:12:52'),
(90, 16, 'glasses', 54, 0, 1, '2023-07-14 09:55:48', '2023-07-15 09:12:52'),
(91, 16, 'jackets', 55, 1, 1, '2023-07-14 09:55:56', '2023-07-15 09:12:52'),
(92, 16, 't-shirts', 56, 0, 1, '2023-07-14 09:56:06', '2023-07-15 09:12:52'),
(93, 16, 'shirts-KkgnCB9d', 57, 0, 1, '2023-07-14 09:56:14', '2023-07-15 09:12:52'),
(94, 16, 'belts-nXkgtL4s', 58, 0, 1, '2023-07-14 09:56:21', '2023-07-15 09:12:52'),
(95, 17, 'casual-pants', 60, 0, 1, '2023-07-14 09:57:52', '2023-07-15 09:12:52'),
(96, 17, 'sweatpants', 61, 0, 1, '2023-07-14 09:58:02', '2023-07-15 09:12:52'),
(97, 17, 'cargo-pants', 62, 0, 1, '2023-07-14 09:58:10', '2023-07-15 09:12:52'),
(98, 17, 'jeans', 63, 0, 1, '2023-07-14 09:58:19', '2023-07-15 09:12:52'),
(99, 17, 'harem-pants', 64, 0, 1, '2023-07-14 09:58:29', '2023-07-15 09:12:52'),
(100, 4, 'mens-watchers', 96, 0, 1, '2023-07-14 09:59:01', '2023-07-15 09:12:52'),
(101, 4, 'womens-watches', 101, 0, 1, '2023-07-14 09:59:15', '2023-07-15 09:12:52'),
(102, 4, 'childrens-watches', 102, 0, 1, '2023-07-14 09:59:34', '2023-07-15 09:12:52'),
(103, 4, 'pocket-watches', 103, 0, 1, '2023-07-14 09:59:49', '2023-07-15 09:12:52'),
(104, 4, 'watch-accessories', 104, 0, 1, '2023-07-14 10:00:05', '2023-07-15 09:12:52'),
(105, 4, 'womens-bracelets', 105, 0, 1, '2023-07-14 10:00:30', '2023-07-15 09:12:52'),
(106, 100, 'analog-watches', 97, 0, 1, '2023-07-14 10:00:45', '2023-07-15 09:12:52'),
(107, 100, 'sports-watches', 98, 0, 1, '2023-07-14 10:00:53', '2023-07-15 09:12:52'),
(108, 100, 'mechanical-watches', 99, 0, 1, '2023-07-14 10:01:13', '2023-07-15 09:12:52'),
(109, 100, 'digital-watches', 100, 0, 1, '2023-07-14 10:01:27', '2023-07-15 09:12:52'),
(110, 5, 'bedding', 107, 0, 1, '2023-07-14 10:02:08', '2023-07-15 09:12:52'),
(111, 5, 'furniture', 108, 0, 1, '2023-07-14 10:02:22', '2023-07-15 09:12:52'),
(112, 5, 'decor', 109, 0, 1, '2023-07-14 10:02:29', '2023-07-15 09:12:52'),
(113, 5, 'curtains', 110, 0, 1, '2023-07-14 10:02:37', '2023-07-15 09:12:52'),
(114, 5, 'kitchen-utensils', 111, 0, 1, '2023-07-14 10:02:50', '2023-07-15 09:12:52'),
(115, 5, 'cooking-baking', 112, 0, 1, '2023-07-14 10:03:03', '2023-07-15 09:12:52'),
(116, 5, 'gas-stove', 113, 0, 1, '2023-07-14 10:03:13', '2023-07-15 09:12:52'),
(117, 5, 'plastics-melamine', 114, 0, 1, '2023-07-14 10:03:31', '2023-07-15 09:12:52'),
(118, 5, 'ceramics-dinnerware', 115, 0, 1, '2023-07-14 10:03:49', '2023-07-15 09:12:52'),
(119, 5, 'storage-organisation', 116, 0, 1, '2023-07-14 10:04:06', '2023-07-15 09:12:52'),
(120, 5, 'home-care', 117, 0, 1, '2023-07-14 10:04:12', '2023-07-15 09:12:52'),
(121, 5, 'cleaning-tools', 118, 0, 1, '2023-07-14 10:04:21', '2023-07-15 09:12:52'),
(122, 5, 'laundry', 119, 0, 1, '2023-07-14 10:04:31', '2023-07-15 09:12:52'),
(123, 5, 'towel', 120, 0, 1, '2023-07-14 10:04:38', '2023-07-15 09:12:52'),
(124, 5, 'travel-accessories', 121, 0, 1, '2023-07-14 10:04:51', '2023-07-15 09:12:52'),
(125, 5, 'pest-control', 122, 0, 1, '2023-07-14 10:05:00', '2023-07-15 09:12:52'),
(126, 6, 'mens-bags', 124, 0, 1, '2023-07-14 10:05:22', '2023-07-15 09:12:52'),
(127, 6, 'womens-bags', 125, 0, 1, '2023-07-14 10:05:29', '2023-07-15 09:12:52'),
(128, 6, 'wallets', 126, 0, 1, '2023-07-14 10:05:35', '2023-07-15 09:12:52'),
(129, 6, 'kids-babys-bags', 127, 0, 1, '2023-07-14 10:05:55', '2023-07-15 09:12:52'),
(130, 6, 'travel-bags', 128, 0, 1, '2023-07-14 10:06:02', '2023-07-15 09:12:52'),
(131, 6, 'functional-bags', 129, 0, 1, '2023-07-14 10:06:12', '2023-07-15 09:12:52'),
(132, 6, 'coin-purses', 130, 0, 1, '2023-07-14 10:06:26', '2023-07-15 09:12:52'),
(133, 6, 'bag-parts', 131, 0, 1, '2023-07-14 10:06:34', '2023-07-15 09:12:52'),
(134, 7, 'all-beauty', 133, 0, 1, '2023-07-14 10:06:52', '2023-07-15 09:12:52'),
(135, 7, 'make-up', 134, 0, 1, '2023-07-14 10:06:58', '2023-07-15 09:12:52'),
(136, 7, 'luxury-beauty', 135, 0, 1, '2023-07-14 10:07:16', '2023-07-15 09:12:52'),
(137, 7, 'watches-op1Zgcs8', 136, 0, 1, '2023-07-14 10:07:28', '2023-07-15 09:12:52'),
(138, 7, 'necklace', 137, 0, 1, '2023-07-14 10:07:46', '2023-07-15 09:12:52'),
(139, 7, 'rings', 138, 0, 1, '2023-07-14 10:07:52', '2023-07-15 09:12:52'),
(140, 7, 'glasses-iWAzms6M', 139, 0, 1, '2023-07-14 10:07:58', '2023-07-15 09:12:52'),
(141, 7, 'all-parfumes', 140, 0, 1, '2023-07-14 10:08:09', '2023-07-15 09:12:52'),
(142, 7, 'women-parfumes', 141, 0, 1, '2023-07-14 10:08:22', '2023-07-15 09:12:52'),
(143, 7, 'gift-sets', 142, 0, 1, '2023-07-14 10:08:36', '2023-07-15 09:12:52'),
(144, 7, 'all-health', 143, 0, 1, '2023-07-14 10:08:48', '2023-07-15 09:12:52'),
(145, 7, 'personal-care', 144, 0, 1, '2023-07-14 10:09:01', '2023-07-15 09:12:52'),
(146, 7, 'hair-care-styling', 145, 0, 1, '2023-07-14 10:09:24', '2023-07-15 09:12:52'),
(147, 7, 'bath-body', 146, 0, 1, '2023-07-14 10:09:35', '2023-07-15 09:12:52'),
(148, 7, 'dental-care', 147, 0, 1, '2023-07-14 10:09:41', '2023-07-15 09:12:52'),
(149, 7, 'diet-nutrition', 148, 0, 1, '2023-07-14 10:09:56', '2023-07-15 09:12:52'),
(150, NULL, 'test', 149, 0, 1, '2023-07-15 09:00:53', '2023-07-15 09:12:52'),
(151, 150, 'asdsada', 150, 0, 1, '2023-07-15 09:12:38', '2023-07-15 09:12:52');

-- --------------------------------------------------------

--
-- Table structure for table `category_translations`
--

CREATE TABLE `category_translations` (
  `id` int UNSIGNED NOT NULL,
  `category_id` int UNSIGNED NOT NULL,
  `locale` varchar(191) CHARACTER SET utf8mb4 COLLATE utf8mb4_unicode_ci NOT NULL,
  `name` varchar(191) CHARACTER SET utf8mb4 COLLATE utf8mb4_unicode_ci NOT NULL
) ENGINE=InnoDB DEFAULT CHARSET=utf8mb4 COLLATE=utf8mb4_unicode_ci;

--
-- Dumping data for table `category_translations`
--

INSERT INTO `category_translations` (`id`, `category_id`, `locale`, `name`) VALUES
(1, 1, 'id_ID', 'Electronics'),
(2, 2, 'id_ID', 'Men\'s Fashion'),
(3, 3, 'id_ID', 'Consumer Electronics'),
(4, 4, 'id_ID', 'Watches'),
(5, 5, 'id_ID', 'Home Appliances'),
(6, 6, 'id_ID', 'Backpacks'),
(7, 7, 'id_ID', 'Women\'s Fashion'),
(8, 8, 'id_ID', 'Mobiles'),
(9, 9, 'id_ID', 'Mobile Accessories'),
(10, 10, 'id_ID', 'Hot Brands'),
(11, 11, 'id_ID', 'Laptops'),
(12, 12, 'id_ID', 'Computer Accessories'),
(13, 13, 'id_ID', 'Clothing'),
(14, 14, 'id_ID', 'Shoes'),
(15, 15, 'id_ID', 'Outerwear & Jackets'),
(16, 16, 'id_ID', 'Hot Sale'),
(17, 17, 'id_ID', 'Bottoms'),
(18, 18, 'id_ID', 'Televisions'),
(19, 19, 'id_ID', 'Gadgets'),
(20, 20, 'id_ID', 'Drones'),
(21, 21, 'id_ID', 'Supplies'),
(22, 22, 'id_ID', 'Camera & Photo'),
(23, 23, 'id_ID', 'Car & Vehicle'),
(24, 24, 'id_ID', 'Cell Phones'),
(25, 25, 'id_ID', 'Computer'),
(26, 26, 'id_ID', 'GPS & Navigation'),
(27, 27, 'id_ID', 'Headphones'),
(28, 28, 'id_ID', 'Home Audio'),
(29, 29, 'id_ID', 'Office Electronics'),
(30, 30, 'id_ID', 'Audio & Video'),
(31, 31, 'id_ID', 'Security'),
(32, 32, 'id_ID', 'Service Plans'),
(33, 33, 'id_ID', 'Video Game'),
(34, 34, 'id_ID', 'Video Projectors'),
(35, 35, 'id_ID', 'Wearable Technology'),
(36, 36, 'id_ID', 'eBook Readers'),
(37, 37, 'id_ID', 'Office Supplies'),
(38, 38, 'id_ID', 'All Computers'),
(39, 39, 'id_ID', 'Desktops & Monitors'),
(40, 40, 'id_ID', 'Drives & Storage'),
(41, 41, 'id_ID', 'Networking'),
(42, 42, 'id_ID', 'Keyboards & Mice'),
(43, 43, 'id_ID', 'PC Gaming'),
(44, 44, 'id_ID', 'Computer Accessories'),
(45, 45, 'id_ID', 'Printers & Ink'),
(46, 46, 'id_ID', 'Office Supplies'),
(47, 47, 'id_ID', 'Smartphones'),
(48, 48, 'id_ID', 'Android'),
(49, 49, 'id_ID', 'iPhone'),
(50, 50, 'id_ID', 'Featured'),
(51, 51, 'id_ID', 'Refurbished'),
(52, 52, 'id_ID', 'Brands'),
(53, 53, 'id_ID', 'Cases & Covers'),
(54, 54, 'id_ID', 'Cables'),
(55, 55, 'id_ID', 'Chargers'),
(56, 56, 'id_ID', 'Power Bank'),
(57, 57, 'id_ID', 'Headphones'),
(58, 58, 'id_ID', 'Screen Protectors'),
(59, 59, 'id_ID', 'OnePlus'),
(60, 60, 'id_ID', 'Apple'),
(61, 61, 'id_ID', 'Samsung'),
(62, 62, 'id_ID', 'Huawei'),
(63, 63, 'id_ID', 'Sony'),
(64, 64, 'id_ID', 'Mackbook'),
(65, 65, 'id_ID', 'Gaming'),
(66, 66, 'id_ID', 'Ultraslim'),
(67, 67, 'id_ID', 'Tablets'),
(68, 68, 'id_ID', 'All Laptops'),
(69, 69, 'id_ID', 'Monitors'),
(70, 70, 'id_ID', 'Keyboard & Mouse'),
(71, 71, 'id_ID', 'Pendrive'),
(72, 72, 'id_ID', 'Speaker'),
(73, 73, 'id_ID', 'Shirts'),
(74, 74, 'id_ID', 'All Clothing'),
(75, 75, 'id_ID', 'Sportwear'),
(76, 76, 'id_ID', 'Belts'),
(77, 77, 'id_ID', 'Pants'),
(78, 78, 'id_ID', 'Formal Shoes'),
(79, 79, 'id_ID', 'All Shoes'),
(80, 80, 'id_ID', 'Sneakers'),
(81, 81, 'id_ID', 'Boots'),
(82, 82, 'id_ID', 'Sandals'),
(83, 83, 'id_ID', 'Slippers & Flip-flops'),
(84, 84, 'id_ID', 'Sports Shoes'),
(85, 85, 'id_ID', 'Trench'),
(86, 86, 'id_ID', 'Genuine Leather'),
(87, 87, 'id_ID', 'Down Jackets'),
(88, 88, 'id_ID', 'Wool & Blends'),
(89, 89, 'id_ID', 'Suits & Blazer'),
(90, 90, 'id_ID', 'Glasses'),
(91, 91, 'id_ID', 'Jackets'),
(92, 92, 'id_ID', 'T-Shirts'),
(93, 93, 'id_ID', 'Shirts'),
(94, 94, 'id_ID', 'Belts'),
(95, 95, 'id_ID', 'Casual Pants'),
(96, 96, 'id_ID', 'Sweatpants'),
(97, 97, 'id_ID', 'Cargo Pants'),
(98, 98, 'id_ID', 'Jeans'),
(99, 99, 'id_ID', 'Harem Pants'),
(100, 100, 'id_ID', 'Men\'s Watchers'),
(101, 101, 'id_ID', 'Women\'s Watches'),
(102, 102, 'id_ID', 'Children\'s Watches'),
(103, 103, 'id_ID', 'Pocket Watches'),
(104, 104, 'id_ID', 'Watch Accessories'),
(105, 105, 'id_ID', 'Women\'s Bracelets'),
(106, 106, 'id_ID', 'Analog Watches'),
(107, 107, 'id_ID', 'Sports Watches'),
(108, 108, 'id_ID', 'Mechanical Watches'),
(109, 109, 'id_ID', 'Digital Watches'),
(110, 110, 'id_ID', 'Bedding'),
(111, 111, 'id_ID', 'Furniture'),
(112, 112, 'id_ID', 'Decor'),
(113, 113, 'id_ID', 'Curtains'),
(114, 114, 'id_ID', 'Kitchen Utensils'),
(115, 115, 'id_ID', 'Cooking & Baking'),
(116, 116, 'id_ID', 'Gas & Stove'),
(117, 117, 'id_ID', 'Plastics & Melamine'),
(118, 118, 'id_ID', 'Ceramics & Dinnerware'),
(119, 119, 'id_ID', 'Storage & Organisation'),
(120, 120, 'id_ID', 'Home Care'),
(121, 121, 'id_ID', 'Cleaning Tools'),
(122, 122, 'id_ID', 'Laundry'),
(123, 123, 'id_ID', 'Towel'),
(124, 124, 'id_ID', 'Travel Accessories'),
(125, 125, 'id_ID', 'Pest Control'),
(126, 126, 'id_ID', 'Men\'s Bags'),
(127, 127, 'id_ID', 'Women\'s Bags'),
(128, 128, 'id_ID', 'Wallets'),
(129, 129, 'id_ID', 'Kids & Baby\'s Bags'),
(130, 130, 'id_ID', 'Travel Bags'),
(131, 131, 'id_ID', 'Functional Bags'),
(132, 132, 'id_ID', 'Coin Purses'),
(133, 133, 'id_ID', 'Bag Parts'),
(134, 134, 'id_ID', 'All Beauty'),
(135, 135, 'id_ID', 'Make-up'),
(136, 136, 'id_ID', 'Luxury Beauty'),
(137, 137, 'id_ID', 'Watches'),
(138, 138, 'id_ID', 'Necklace'),
(139, 139, 'id_ID', 'Rings'),
(140, 140, 'id_ID', 'Glasses'),
(141, 141, 'id_ID', 'All Parfumes'),
(142, 142, 'id_ID', 'Women Parfumes'),
(143, 143, 'id_ID', 'Gift Sets'),
(144, 144, 'id_ID', 'All Health'),
(145, 145, 'id_ID', 'Personal Care'),
(146, 146, 'id_ID', 'Hair Care & Styling'),
(147, 147, 'id_ID', 'Bath & Body'),
(148, 148, 'id_ID', 'Dental Care'),
(149, 149, 'id_ID', 'Diet & Nutrition'),
(150, 150, 'id_ID', 'test'),
(151, 151, 'id_ID', 'asdsada');

-- --------------------------------------------------------

--
-- Table structure for table `coupons`
--

CREATE TABLE `coupons` (
  `id` int UNSIGNED NOT NULL,
  `code` varchar(191) CHARACTER SET utf8mb4 COLLATE utf8mb4_unicode_ci NOT NULL,
  `value` decimal(18,4) UNSIGNED DEFAULT NULL,
  `is_percent` tinyint(1) NOT NULL,
  `free_shipping` tinyint(1) NOT NULL,
  `minimum_spend` decimal(18,4) UNSIGNED DEFAULT NULL,
  `maximum_spend` decimal(18,4) UNSIGNED DEFAULT NULL,
  `usage_limit_per_coupon` int UNSIGNED DEFAULT NULL,
  `usage_limit_per_customer` int UNSIGNED DEFAULT NULL,
  `used` int NOT NULL DEFAULT '0',
  `is_active` tinyint(1) NOT NULL,
  `start_date` date DEFAULT NULL,
  `end_date` date DEFAULT NULL,
  `deleted_at` timestamp NULL DEFAULT NULL,
  `created_at` timestamp NULL DEFAULT NULL,
  `updated_at` timestamp NULL DEFAULT NULL
) ENGINE=InnoDB DEFAULT CHARSET=utf8mb4 COLLATE=utf8mb4_unicode_ci;

-- --------------------------------------------------------

--
-- Table structure for table `coupon_categories`
--

CREATE TABLE `coupon_categories` (
  `coupon_id` int UNSIGNED NOT NULL,
  `category_id` int UNSIGNED NOT NULL,
  `exclude` tinyint(1) NOT NULL DEFAULT '0'
) ENGINE=InnoDB DEFAULT CHARSET=utf8mb4 COLLATE=utf8mb4_unicode_ci;

-- --------------------------------------------------------

--
-- Table structure for table `coupon_products`
--

CREATE TABLE `coupon_products` (
  `coupon_id` int UNSIGNED NOT NULL,
  `product_id` int UNSIGNED NOT NULL,
  `exclude` tinyint(1) NOT NULL DEFAULT '0'
) ENGINE=InnoDB DEFAULT CHARSET=utf8mb4 COLLATE=utf8mb4_unicode_ci;

-- --------------------------------------------------------

--
-- Table structure for table `coupon_translations`
--

CREATE TABLE `coupon_translations` (
  `id` int UNSIGNED NOT NULL,
  `coupon_id` int UNSIGNED NOT NULL,
  `locale` varchar(191) CHARACTER SET utf8mb4 COLLATE utf8mb4_unicode_ci NOT NULL,
  `name` varchar(191) CHARACTER SET utf8mb4 COLLATE utf8mb4_unicode_ci NOT NULL
) ENGINE=InnoDB DEFAULT CHARSET=utf8mb4 COLLATE=utf8mb4_unicode_ci;

-- --------------------------------------------------------

--
-- Table structure for table `cross_sell_products`
--

CREATE TABLE `cross_sell_products` (
  `product_id` int UNSIGNED NOT NULL,
  `cross_sell_product_id` int UNSIGNED NOT NULL
) ENGINE=InnoDB DEFAULT CHARSET=utf8mb4 COLLATE=utf8mb4_unicode_ci;

-- --------------------------------------------------------

--
-- Table structure for table `currency_rates`
--

CREATE TABLE `currency_rates` (
  `id` int UNSIGNED NOT NULL,
  `currency` varchar(191) CHARACTER SET utf8mb4 COLLATE utf8mb4_unicode_ci NOT NULL,
  `rate` decimal(8,4) DEFAULT NULL,
  `created_at` timestamp NULL DEFAULT NULL,
  `updated_at` timestamp NULL DEFAULT NULL
) ENGINE=InnoDB DEFAULT CHARSET=utf8mb4 COLLATE=utf8mb4_unicode_ci;

--
-- Dumping data for table `currency_rates`
--

INSERT INTO `currency_rates` (`id`, `currency`, `rate`, `created_at`, `updated_at`) VALUES
(1, 'USD', 1.0000, '2023-07-13 11:39:59', '2023-07-13 11:39:59'),
(2, 'IDR', 1.0000, '2023-07-13 18:51:18', '2023-07-13 18:51:18');

-- --------------------------------------------------------

--
-- Table structure for table `default_addresses`
--

CREATE TABLE `default_addresses` (
  `id` int UNSIGNED NOT NULL,
  `customer_id` int UNSIGNED NOT NULL,
  `address_id` int UNSIGNED NOT NULL
) ENGINE=InnoDB DEFAULT CHARSET=utf8mb4 COLLATE=utf8mb4_unicode_ci;

--
-- Dumping data for table `default_addresses`
--

INSERT INTO `default_addresses` (`id`, `customer_id`, `address_id`) VALUES
(2, 2, 10),
(3, 3, 11);

-- --------------------------------------------------------

--
-- Table structure for table `entity_files`
--

CREATE TABLE `entity_files` (
  `id` int UNSIGNED NOT NULL,
  `file_id` int UNSIGNED NOT NULL,
  `entity_type` varchar(191) CHARACTER SET utf8mb4 COLLATE utf8mb4_unicode_ci NOT NULL,
  `entity_id` bigint UNSIGNED NOT NULL,
  `zone` varchar(191) CHARACTER SET utf8mb4 COLLATE utf8mb4_unicode_ci NOT NULL,
  `created_at` timestamp NULL DEFAULT NULL,
  `updated_at` timestamp NULL DEFAULT NULL
) ENGINE=InnoDB DEFAULT CHARSET=utf8mb4 COLLATE=utf8mb4_unicode_ci;

--
-- Dumping data for table `entity_files`
--

INSERT INTO `entity_files` (`id`, `file_id`, `entity_type`, `entity_id`, `zone`, `created_at`, `updated_at`) VALUES
(1, 6, 'Modules\\Brand\\Entities\\Brand', 1, 'logo', '2023-07-14 07:42:36', '2023-07-14 07:42:36'),
(2, 7, 'Modules\\Brand\\Entities\\Brand', 1, 'banner', '2023-07-14 07:42:36', '2023-07-14 07:42:36'),
(3, 9, 'Modules\\Brand\\Entities\\Brand', 2, 'logo', '2023-07-14 07:43:39', '2023-07-14 07:43:39'),
(4, 8, 'Modules\\Brand\\Entities\\Brand', 2, 'banner', '2023-07-14 07:43:39', '2023-07-14 07:43:39'),
(5, 11, 'Modules\\Brand\\Entities\\Brand', 3, 'logo', '2023-07-14 07:47:07', '2023-07-14 07:47:07'),
(6, 10, 'Modules\\Brand\\Entities\\Brand', 3, 'banner', '2023-07-14 07:47:07', '2023-07-14 07:47:07'),
(7, 12, 'Modules\\Brand\\Entities\\Brand', 4, 'logo', '2023-07-14 07:48:48', '2023-07-14 07:48:48'),
(10, 14, 'Modules\\Brand\\Entities\\Brand', 5, 'logo', '2023-07-14 07:50:05', '2023-07-14 07:50:05'),
(11, 13, 'Modules\\Brand\\Entities\\Brand', 5, 'banner', '2023-07-14 07:50:05', '2023-07-14 07:50:05'),
(12, 15, 'Modules\\Brand\\Entities\\Brand', 6, 'logo', '2023-07-14 07:52:56', '2023-07-14 07:52:56'),
(19, 22, 'Modules\\Menu\\Entities\\MenuItem', 5, 'background_image', '2023-07-14 14:25:19', '2023-07-14 14:25:19'),
(20, 23, 'Modules\\Menu\\Entities\\MenuItem', 6, 'background_image', '2023-07-14 14:27:03', '2023-07-14 14:27:03'),
(21, 24, 'Modules\\Menu\\Entities\\MenuItem', 13, 'background_image', '2023-07-14 14:39:17', '2023-07-14 14:39:17'),
(28, 17, 'Modules\\Product\\Entities\\Product', 1, 'base_image', '2023-07-14 15:15:24', '2023-07-14 15:15:24'),
(29, 16, 'Modules\\Product\\Entities\\Product', 1, 'additional_images', '2023-07-14 15:15:24', '2023-07-14 15:15:24'),
(30, 18, 'Modules\\Product\\Entities\\Product', 1, 'additional_images', '2023-07-14 15:15:24', '2023-07-14 15:15:24'),
(31, 19, 'Modules\\Product\\Entities\\Product', 1, 'additional_images', '2023-07-14 15:15:24', '2023-07-14 15:15:24'),
(32, 20, 'Modules\\Product\\Entities\\Product', 1, 'additional_images', '2023-07-14 15:15:24', '2023-07-14 15:15:24'),
(33, 21, 'Modules\\Product\\Entities\\Product', 1, 'additional_images', '2023-07-14 15:15:24', '2023-07-14 15:15:24'),
(34, 26, 'Modules\\Product\\Entities\\Product', 2, 'base_image', '2023-07-14 16:30:06', '2023-07-14 16:30:06'),
(35, 25, 'Modules\\Product\\Entities\\Product', 2, 'additional_images', '2023-07-14 16:30:06', '2023-07-14 16:30:06'),
(36, 28, 'Modules\\Product\\Entities\\Product', 2, 'additional_images', '2023-07-14 16:30:06', '2023-07-14 16:30:06'),
(37, 27, 'Modules\\Product\\Entities\\Product', 2, 'additional_images', '2023-07-14 16:30:06', '2023-07-14 16:30:06'),
(38, 30, 'Modules\\Product\\Entities\\Product', 2, 'additional_images', '2023-07-14 16:30:06', '2023-07-14 16:30:06'),
(39, 29, 'Modules\\Product\\Entities\\Product', 2, 'additional_images', '2023-07-14 16:30:06', '2023-07-14 16:30:06'),
(40, 31, 'Modules\\Product\\Entities\\Product', 3, 'base_image', '2023-07-14 16:34:10', '2023-07-14 16:34:10'),
(41, 43, 'Modules\\Category\\Entities\\Category', 11, 'logo', '2023-07-15 03:19:47', '2023-07-15 03:19:47'),
(42, 44, 'Modules\\Category\\Entities\\Category', 11, 'banner', '2023-07-15 03:19:47', '2023-07-15 03:19:47'),
(43, 45, 'Modules\\Category\\Entities\\Category', 8, 'logo', '2023-07-15 03:22:19', '2023-07-15 03:22:19'),
(44, 44, 'Modules\\Category\\Entities\\Category', 8, 'banner', '2023-07-15 03:22:19', '2023-07-15 03:22:19'),
(45, 46, 'Modules\\Category\\Entities\\Category', 67, 'logo', '2023-07-15 03:23:07', '2023-07-15 03:23:07'),
(46, 47, 'Modules\\Category\\Entities\\Category', 4, 'logo', '2023-07-15 03:23:52', '2023-07-15 03:23:52'),
(47, 48, 'Modules\\Category\\Entities\\Category', 2, 'logo', '2023-07-15 03:26:42', '2023-07-15 03:26:42'),
(48, 49, 'Modules\\Category\\Entities\\Category', 2, 'banner', '2023-07-15 03:26:42', '2023-07-15 03:26:42'),
(49, 50, 'Modules\\Category\\Entities\\Category', 18, 'logo', '2023-07-15 03:28:32', '2023-07-15 03:28:32'),
(50, 51, 'Modules\\Brand\\Entities\\Brand', 7, 'logo', '2023-07-15 03:30:06', '2023-07-15 03:30:06'),
(51, 52, 'Modules\\Brand\\Entities\\Brand', 8, 'logo', '2023-07-15 03:31:02', '2023-07-15 03:31:02'),
(52, 53, 'Modules\\Brand\\Entities\\Brand', 8, 'banner', '2023-07-15 03:31:02', '2023-07-15 03:31:02'),
(53, 54, 'Modules\\Brand\\Entities\\Brand', 9, 'logo', '2023-07-15 03:34:59', '2023-07-15 03:34:59'),
(54, 55, 'Modules\\Brand\\Entities\\Brand', 10, 'logo', '2023-07-15 03:35:33', '2023-07-15 03:35:33'),
(55, 56, 'Modules\\Brand\\Entities\\Brand', 11, 'logo', '2023-07-15 03:36:29', '2023-07-15 03:36:29'),
(56, 57, 'Modules\\Brand\\Entities\\Brand', 11, 'banner', '2023-07-15 03:36:29', '2023-07-15 03:36:29'),
(57, 58, 'Modules\\Brand\\Entities\\Brand', 12, 'logo', '2023-07-15 03:37:16', '2023-07-15 03:37:16'),
(58, 59, 'Modules\\Brand\\Entities\\Brand', 13, 'logo', '2023-07-15 03:39:27', '2023-07-15 03:39:27'),
(59, 61, 'Modules\\Brand\\Entities\\Brand', 14, 'logo', '2023-07-15 03:40:15', '2023-07-15 03:40:15'),
(60, 60, 'Modules\\Brand\\Entities\\Brand', 14, 'banner', '2023-07-15 03:40:15', '2023-07-15 03:40:15'),
(61, 62, 'Modules\\Brand\\Entities\\Brand', 15, 'logo', '2023-07-15 03:42:57', '2023-07-15 03:42:57'),
(62, 63, 'Modules\\Brand\\Entities\\Brand', 15, 'banner', '2023-07-15 03:42:57', '2023-07-15 03:42:57'),
(63, 64, 'Modules\\Brand\\Entities\\Brand', 16, 'logo', '2023-07-15 03:45:19', '2023-07-15 03:45:19'),
(64, 65, 'Modules\\Brand\\Entities\\Brand', 17, 'logo', '2023-07-15 03:46:12', '2023-07-15 03:46:12'),
(65, 66, 'Modules\\Brand\\Entities\\Brand', 17, 'banner', '2023-07-15 03:46:12', '2023-07-15 03:46:12'),
(67, 67, 'Modules\\Brand\\Entities\\Brand', 18, 'logo', '2023-07-15 09:01:40', '2023-07-15 09:01:40');

-- --------------------------------------------------------

--
-- Table structure for table `files`
--

CREATE TABLE `files` (
  `id` int UNSIGNED NOT NULL,
  `user_id` int UNSIGNED NOT NULL,
  `filename` varchar(191) CHARACTER SET utf8mb4 COLLATE utf8mb4_unicode_ci NOT NULL,
  `disk` varchar(191) CHARACTER SET utf8mb4 COLLATE utf8mb4_unicode_ci NOT NULL,
  `path` varchar(191) CHARACTER SET utf8mb4 COLLATE utf8mb4_unicode_ci NOT NULL,
  `extension` varchar(191) CHARACTER SET utf8mb4 COLLATE utf8mb4_unicode_ci NOT NULL,
  `mime` varchar(191) CHARACTER SET utf8mb4 COLLATE utf8mb4_unicode_ci NOT NULL,
  `size` varchar(191) CHARACTER SET utf8mb4 COLLATE utf8mb4_unicode_ci NOT NULL,
  `created_at` timestamp NULL DEFAULT NULL,
  `updated_at` timestamp NULL DEFAULT NULL
) ENGINE=InnoDB DEFAULT CHARSET=utf8mb4 COLLATE=utf8mb4_unicode_ci;

--
-- Dumping data for table `files`
--

INSERT INTO `files` (`id`, `user_id`, `filename`, `disk`, `path`, `extension`, `mime`, `size`, `created_at`, `updated_at`) VALUES
(1, 1, 'yAaq3dHTWLOlac12ioxGgVrZ3xtrIhKnL5r3roIl.png', 'public_storage', 'media/oacJan37fIyq3sFFZwvuMevcv2sQFvWfKy49ODOj.png', 'png', 'image/png', '45275', '2023-07-14 05:05:57', '2023-07-14 05:05:57'),
(2, 1, 'sI7VgfyGD34wV72X3pk8CCCI3QrpsZu1TiEM3kJ6.png', 'public_storage', 'media/zMXLREaTcvwoby3StwlZGAZQCauhnq39AA3Y66pF.png', 'png', 'image/png', '96517', '2023-07-14 05:06:02', '2023-07-14 05:06:02'),
(3, 1, 'kTJZ8JjEO16NYuj28aN9f88c1SKIm9ELvYOE8pvC.png', 'public_storage', 'media/ze5Y2WZfsAgivjznFgI6LtpsdP2XoXfIreCXGWO4.png', 'png', 'image/png', '115448', '2023-07-14 05:06:06', '2023-07-14 05:06:06'),
(4, 1, 'side slider 2.png', 'public_storage', 'media/SvV2w8Muws3hMrfKVucDFAICbE5qSzlIAPa6knOc.png', 'png', 'image/png', '26118', '2023-07-14 06:22:38', '2023-07-14 06:22:38'),
(5, 1, 'side slider 1.png', 'public_storage', 'media/dNxNeHCQtZFK8utXEAonwILoU7jknS0lyTMFfxGi.png', 'png', 'image/png', '50693', '2023-07-14 06:22:38', '2023-07-14 06:22:38'),
(6, 1, 'apple.png', 'public_storage', 'media/zdqjKpWhXo5sbH6aC7fz7WZk7LwCd78enCbb47kg.png', 'png', 'image/png', '2732', '2023-07-14 07:42:08', '2023-07-14 07:42:08'),
(7, 1, 'apple-2.png', 'public_storage', 'media/oHvOxaNmyGhdrQwmrg0Ma5r33Y7bs48kEaJS7vV5.png', 'png', 'image/png', '51177', '2023-07-14 07:42:08', '2023-07-14 07:42:08'),
(8, 1, 'samsung-2.png', 'public_storage', 'media/vYd8DRxbpcDv5ugpQaoXPAijMgPsTcpLN2z1a9Gs.png', 'png', 'image/png', '61081', '2023-07-14 07:43:19', '2023-07-14 07:43:19'),
(9, 1, 'samsung.png', 'public_storage', 'media/cmaxYICqQMn52C6ui0g1LydtFdRfhYiIHFGzzKFc.png', 'png', 'image/png', '1994', '2023-07-14 07:43:19', '2023-07-14 07:43:19'),
(10, 1, 'huawei-2.png', 'public_storage', 'media/9clxw6jvZTxmk0KG4Fv7YqmPr2u63Ownk6sg6iOa.png', 'png', 'image/png', '51177', '2023-07-14 07:46:57', '2023-07-14 07:46:57'),
(11, 1, 'huawei.png', 'public_storage', 'media/Jn31KWTX8tALGP0GvuqETAxcY4FuGOXjpePynom1.png', 'png', 'image/png', '6102', '2023-07-14 07:46:57', '2023-07-14 07:46:57'),
(12, 1, 'OnePlus.png', 'public_storage', 'media/xfTpcZR8ShFXmD8cdZKxmc1dxUgTgVonAdW9R4lU.png', 'png', 'image/png', '1907', '2023-07-14 07:48:44', '2023-07-14 07:48:44'),
(13, 1, 'HP2.png', 'public_storage', 'media/dKDOsJ3OMEvmWu4gDjPpMYY35ZcsBoHfeDIyEcZY.png', 'png', 'image/png', '61081', '2023-07-14 07:49:47', '2023-07-14 07:49:47'),
(14, 1, 'HP.png', 'public_storage', 'media/FrTTIutOhCZfw5LCR5bZBscmGa1PBlexj7WgFqBc.png', 'png', 'image/png', '2008', '2023-07-14 07:49:47', '2023-07-14 07:49:47'),
(15, 1, 'Dell.png', 'public_storage', 'media/z1bp1W6ZGm6Hu1odHuZO8OLk4EIBEpm8800vwVZI.png', 'png', 'image/png', '1456', '2023-07-14 07:52:52', '2023-07-14 07:52:52'),
(16, 1, 'mac2.jpeg', 'public_storage', 'media/OZpATSTJCpIpgMHfim9n3dY3fLh4y7gabd2xLaTB.jpg', 'jpg', 'image/jpeg', '18290', '2023-07-14 09:47:31', '2023-07-14 09:47:31'),
(17, 1, 'mac1.jpeg', 'public_storage', 'media/EIO4EbGGOaiwDeYByLeC1A0ByOquDdj6ZrjXxVVK.jpg', 'jpg', 'image/jpeg', '24475', '2023-07-14 09:47:31', '2023-07-14 09:47:31'),
(18, 1, 'mac3.jpeg', 'public_storage', 'media/fq60FfIjfYzjxtyBpdknWyZ4hTj612gvPxVPeztK.jpg', 'jpg', 'image/jpeg', '23141', '2023-07-14 09:47:31', '2023-07-14 09:47:31'),
(19, 1, 'mac4.jpeg', 'public_storage', 'media/V0HbTAqMA2dLeTw1V3uQHXco489dIRrCPofwZV9y.jpg', 'jpg', 'image/jpeg', '6635', '2023-07-14 09:47:31', '2023-07-14 09:47:31'),
(20, 1, 'mac6.jpeg', 'public_storage', 'media/aCIPi1iNDkNNMoUToFcq3gbADhA5QtbM6MMAGyx1.jpg', 'jpg', 'image/jpeg', '6919', '2023-07-14 09:47:32', '2023-07-14 09:47:32'),
(21, 1, 'mac5.jpeg', 'public_storage', 'media/DzqzbPgjeocyQs5z97PewNsukerrIc25VjlV5Vtb.jpg', 'jpg', 'image/jpeg', '7694', '2023-07-14 09:47:32', '2023-07-14 09:47:32'),
(22, 1, 'cat-elec.jpeg', 'public_storage', 'media/BfsWsrL7coAtP9BcIIe250tWSKnF6CW7NUAsHEOV.jpg', 'jpg', 'image/jpeg', '17637', '2023-07-14 14:25:15', '2023-07-14 14:25:15'),
(23, 1, 'cat-fman.png', 'public_storage', 'media/01WqMiXgREUmMQHHIp0fh4uLQh5eeQZkVjngQVlq.png', 'png', 'image/png', '33149', '2023-07-14 14:26:58', '2023-07-14 14:26:58'),
(24, 1, 'cat-consumele.jpeg', 'public_storage', 'media/BMcBBhLD3UWEEw4KSGkal8EK3qa2hv6K7ZDP8JUG.jpg', 'jpg', 'image/jpeg', '7670', '2023-07-14 14:39:14', '2023-07-14 14:39:14'),
(25, 1, 'oneplus2.jpeg', 'public_storage', 'media/LHjdLkKXgXnah2PjfLqXKI8WWsMYM4KGrRWix4Yg.jpg', 'jpg', 'image/jpeg', '30382', '2023-07-14 16:29:20', '2023-07-14 16:29:20'),
(26, 1, 'oneplus1.jpeg', 'public_storage', 'media/iMSLTpi4aWWgTJ3OP8ou2vF3fwLXNIG5Nff4y0y2.jpg', 'jpg', 'image/jpeg', '44915', '2023-07-14 16:29:20', '2023-07-14 16:29:20'),
(27, 1, 'oneplust4.jpeg', 'public_storage', 'media/yc6udQ10ppYRszYaK9BGTYg3Aa2J5VRM5Dk9o5i4.jpg', 'jpg', 'image/jpeg', '19784', '2023-07-14 16:29:21', '2023-07-14 16:29:21'),
(28, 1, 'oneplus3.jpeg', 'public_storage', 'media/OGpQm6A8zAERrVuzkqpJEhJ8fWGpipeSc644L9mb.jpg', 'jpg', 'image/jpeg', '12722', '2023-07-14 16:29:21', '2023-07-14 16:29:21'),
(29, 1, 'oneplust7.jpeg', 'public_storage', 'media/pSwPAF9mHHdhTdmdoWoheBdxC5wdMMc5boYy1M72.jpg', 'jpg', 'image/jpeg', '19409', '2023-07-14 16:29:21', '2023-07-14 16:29:21'),
(30, 1, 'oneplust6.jpeg', 'public_storage', 'media/OLvqwTl0Y4krGIWIOlVAqY5dBx4nnmSgD69DwoHm.jpg', 'jpg', 'image/jpeg', '22800', '2023-07-14 16:29:21', '2023-07-14 16:29:21'),
(31, 1, 'p3.jpeg', 'public_storage', 'media/3YSLlCB8nhYODyyO1qb58RRPDiJ0uUB5vfPXzwOz.jpg', 'jpg', 'image/jpeg', '12910', '2023-07-14 16:34:06', '2023-07-14 16:34:06'),
(32, 1, 'cta.png', 'public_storage', 'media/XSutVIYfgHsA2aZNyxEI7jCHTGQQRutwcvx0KEa0.png', 'png', 'image/png', '12091', '2023-07-14 16:42:04', '2023-07-14 16:42:04'),
(33, 1, 'bg-1.png', 'public_storage', 'media/JeE9CJkuid3SD5psGBk1paGS8GunEpf24UUDGYG3.png', 'png', 'image/png', '33538', '2023-07-14 16:42:59', '2023-07-14 16:42:59'),
(34, 1, 'banner-2.png', 'public_storage', 'media/ElGMs7FNs6cmxS4Uq4tvhSte7Zq2jSeYwQjIOIB3.png', 'png', 'image/png', '87517', '2023-07-14 16:44:31', '2023-07-14 16:44:31'),
(35, 1, 'banner-1.png', 'public_storage', 'media/sSNKzL8QWKihXx0U2VLfABoWCoAiFbpXyycWmshh.png', 'png', 'image/png', '17622', '2023-07-14 16:44:31', '2023-07-14 16:44:31'),
(36, 1, 'banner-3.png', 'public_storage', 'media/aqIoSXf1pKot7ug9zV7qUsQ9RvmbF3FCXnILfbVP.png', 'png', 'image/png', '8962', '2023-07-14 16:44:31', '2023-07-14 16:44:31'),
(37, 1, 'banner5.png', 'public_storage', 'media/8Cr3TL8aOHZaTyjWzZQUVgufCFGtuQFZ72qhuW3s.png', 'png', 'image/png', '23812', '2023-07-15 02:26:22', '2023-07-15 02:26:22'),
(38, 1, 'banner4.png', 'public_storage', 'media/vzZiiDZiux19jqwcUQt6DO5a2UupwxLhcNkK3rN1.png', 'png', 'image/png', '36455', '2023-07-15 02:26:22', '2023-07-15 02:26:22'),
(39, 1, 'banner7.png', 'public_storage', 'media/MByXJALWrPUbr59mVMYtjEUXmFLY2i6hnDTEixIJ.png', 'png', 'image/png', '20219', '2023-07-15 02:45:21', '2023-07-15 02:45:21'),
(40, 1, 'banner6.png', 'public_storage', 'media/T5hmd6XYohfYXpG8uAKtOIJk2LByqDzsoDFDnFO3.png', 'png', 'image/png', '28886', '2023-07-15 02:45:21', '2023-07-15 02:45:21'),
(41, 1, 'banner8.png', 'public_storage', 'media/rr9AiYMwhD1RsJJSgJuzz9z526SlNifWG31ByQUc.png', 'png', 'image/png', '65281', '2023-07-15 02:45:21', '2023-07-15 02:45:21'),
(42, 1, 'banner9.png', 'public_storage', 'media/n2RT76WvOLopYO6fj5zGJH0IdgymWQ7Tl32S8SZT.png', 'png', 'image/png', '61739', '2023-07-15 02:55:07', '2023-07-15 02:55:07'),
(43, 1, 'catlaptop.png', 'public_storage', 'media/wE6vpz06uVlMVmakDWqsrItrO8kob7f8rzUjsUZC.png', 'png', 'image/png', '4184', '2023-07-15 03:19:38', '2023-07-15 03:19:38'),
(44, 1, 'catlaptop2.png', 'public_storage', 'media/9r9q5Jb6yDPP09hmijwV0s1ALeehp52YW4p1QVQo.png', 'png', 'image/png', '51177', '2023-07-15 03:19:38', '2023-07-15 03:19:38'),
(45, 1, 'catmobile1.jpeg', 'public_storage', 'media/gqi4hpWlKcPaEh3KZDee1I0BD04OysfrwMiwUn3l.jpg', 'jpg', 'image/jpeg', '2358', '2023-07-15 03:22:11', '2023-07-15 03:22:11'),
(46, 1, 'cat-tablet.jpeg', 'public_storage', 'media/WVxQrm6h1jtlmiPw1OELaB1d3IKSRzsvOOfsUJn1.jpg', 'jpg', 'image/jpeg', '2722', '2023-07-15 03:23:02', '2023-07-15 03:23:02'),
(47, 1, 'cat-watches.jpeg', 'public_storage', 'media/vPcCJplIa8uBp5IuuxYQ5ZI5OlTYGAC2BGiySmX3.jpg', 'jpg', 'image/jpeg', '1624', '2023-07-15 03:23:48', '2023-07-15 03:23:48'),
(48, 1, 'cat-fman.jpeg', 'public_storage', 'media/UR00lvMg7kw5vpGhCufhHrVaJhIK2q1K1lmHFiL8.jpg', 'jpg', 'image/jpeg', '1897', '2023-07-15 03:26:29', '2023-07-15 03:26:29'),
(49, 1, 'cat-fman2.png', 'public_storage', 'media/qMg5N4pczUfBETPk3F1gcLmUxMkeThVOdNFyzYKZ.png', 'png', 'image/png', '51237', '2023-07-15 03:26:29', '2023-07-15 03:26:29'),
(50, 1, 'cat-tv.png', 'public_storage', 'media/AeU93UblayTnMkMCtLdCsOzQAWmypxA5MwJwoYig.png', 'png', 'image/png', '8484', '2023-07-15 03:28:28', '2023-07-15 03:28:28'),
(51, 1, 'acer.png', 'public_storage', 'media/6vxh7RwpkXcocGynRa0YLjPvZaflvQH3vDhEVsz5.png', 'png', 'image/png', '2879', '2023-07-15 03:30:02', '2023-07-15 03:30:02'),
(52, 1, 'asus.png', 'public_storage', 'media/bCaIlIdOIPJfApJBQseGuR4gNOkLxiR6HEzQpTFM.png', 'png', 'image/png', '1790', '2023-07-15 03:30:54', '2023-07-15 03:30:54'),
(53, 1, 'asus2.png', 'public_storage', 'media/fC0LNLe6BYTlQgxz2iWQNsbSGUrca5E88RORV7oF.png', 'png', 'image/png', '56991', '2023-07-15 03:30:54', '2023-07-15 03:30:54'),
(54, 1, 'microsoft.png', 'public_storage', 'media/EmD5ff6qOJKhIoBwdB8BqpnWAwBrAMaVAvBcnAdM.png', 'png', 'image/png', '4677', '2023-07-15 03:34:55', '2023-07-15 03:34:55'),
(55, 1, 'lenovo.png', 'public_storage', 'media/cA3XQTSr92kRrRXCnten36gVTTDjidhStC0YmwQ8.png', 'png', 'image/png', '3193', '2023-07-15 03:35:29', '2023-07-15 03:35:29'),
(56, 1, 'reebok.png', 'public_storage', 'media/erCwrxBt8LH4mOQ6ZXFBc5q1ohpjLN3wLxVplBzc.png', 'png', 'image/png', '3051', '2023-07-15 03:36:17', '2023-07-15 03:36:17'),
(57, 1, 'reebok2.png', 'public_storage', 'media/yTO2vpw7PxXLwZEIvdI4s9kA8JdEiFbpGt1Toghy.png', 'png', 'image/png', '51237', '2023-07-15 03:36:17', '2023-07-15 03:36:17'),
(58, 1, 'msi.png', 'public_storage', 'media/JV2M2RTNoj5b0AnhCJuUJ5kDfO0BzY27pv7yalKD.png', 'png', 'image/png', '5876', '2023-07-15 03:37:12', '2023-07-15 03:37:12'),
(59, 1, 'lg.png', 'public_storage', 'media/HiNGj5wN0cZCtmVLhwBA61Fo6m1k6MjhYGgYEElt.png', 'png', 'image/png', '2281', '2023-07-15 03:39:21', '2023-07-15 03:39:21'),
(60, 1, 'beats2.png', 'public_storage', 'media/cvD9hC08RmWYmzLQpX3LmJUJhJFT3xsxtnY1TKmh.png', 'png', 'image/png', '51177', '2023-07-15 03:40:05', '2023-07-15 03:40:05'),
(61, 1, 'beats.png', 'public_storage', 'media/NJPbSzDekzlCpvz5FbhiEKl4aWyDcUV1BdDCAKD9.png', 'png', 'image/png', '6375', '2023-07-15 03:40:05', '2023-07-15 03:40:05'),
(62, 1, 'adidas.png', 'public_storage', 'media/ZuPTJYuAsO4uth8Xa8Lt5jeGYDoJrw6JocJU2TtW.png', 'png', 'image/png', '3017', '2023-07-15 03:42:50', '2023-07-15 03:42:50'),
(63, 1, 'adidas2.png', 'public_storage', 'media/6imWt3mHuhuNip2Qq8QhRymiNeDGA20KZEcp5Jue.png', 'png', 'image/png', '51237', '2023-07-15 03:42:50', '2023-07-15 03:42:50'),
(64, 1, 'nike.png', 'public_storage', 'media/YOnEWtnd5UO5QXPAAuXxEMbndHjz5xpD45TxleGE.png', 'png', 'image/png', '2203', '2023-07-15 03:45:15', '2023-07-15 03:45:15'),
(65, 1, 'sony.png', 'public_storage', 'media/VOPKTPeQY03CXO2VNXPBF3iEAARNL0AkrXt31jQJ.png', 'png', 'image/png', '2853', '2023-07-15 03:45:58', '2023-07-15 03:45:58'),
(66, 1, 'sony2.png', 'public_storage', 'media/Zgjr6TI0eC3ZFSaeqBCUmHJ5KlvPRdMRz9dVfzCD.png', 'png', 'image/png', '45274', '2023-07-15 03:45:58', '2023-07-15 03:45:58'),
(67, 1, 'nokia.png', 'public_storage', 'media/56kgemr7WrJlusUpN80FYPd8JgoVaFdD2rVo5D13.png', 'png', 'image/png', '1454', '2023-07-15 03:46:48', '2023-07-15 03:46:48'),
(68, 1, 'tokopedia.jpeg', 'public_storage', 'media/lPyyncsQrCwzJxmbohlztZZ3iLbTkAibQGDb5gDb.jpg', 'jpg', 'image/jpeg', '42972', '2023-07-15 03:53:07', '2023-07-15 03:53:07'),
(69, 1, 'tokopedia-38845.png', 'public_storage', 'media/Mif36DF1rcZ8tWfOhrIMfRKrFkCY5CkSr8H4X2di.png', 'png', 'image/png', '136144', '2023-07-15 03:55:08', '2023-07-15 03:55:08'),
(70, 1, 'TOKOPAKEDI.png', 'public_storage', 'media/dNskOXKo4WmC6j7og7axIrHCfEs4en1N8F3G1Ngz.png', 'png', 'image/png', '28161', '2023-07-15 04:00:08', '2023-07-15 04:00:08');

-- --------------------------------------------------------

--
-- Table structure for table `flash_sales`
--

CREATE TABLE `flash_sales` (
  `id` int UNSIGNED NOT NULL,
  `created_at` timestamp NULL DEFAULT NULL,
  `updated_at` timestamp NULL DEFAULT NULL
) ENGINE=InnoDB DEFAULT CHARSET=utf8mb4 COLLATE=utf8mb4_unicode_ci;

-- --------------------------------------------------------

--
-- Table structure for table `flash_sale_products`
--

CREATE TABLE `flash_sale_products` (
  `id` int UNSIGNED NOT NULL,
  `flash_sale_id` int UNSIGNED NOT NULL,
  `product_id` int UNSIGNED NOT NULL,
  `end_date` date NOT NULL,
  `price` decimal(18,4) UNSIGNED NOT NULL,
  `qty` int NOT NULL,
  `position` int NOT NULL
) ENGINE=InnoDB DEFAULT CHARSET=utf8mb4 COLLATE=utf8mb4_unicode_ci;

-- --------------------------------------------------------

--
-- Table structure for table `flash_sale_product_orders`
--

CREATE TABLE `flash_sale_product_orders` (
  `flash_sale_product_id` int UNSIGNED NOT NULL,
  `order_id` int UNSIGNED NOT NULL,
  `qty` int NOT NULL
) ENGINE=InnoDB DEFAULT CHARSET=utf8mb4 COLLATE=utf8mb4_unicode_ci;

-- --------------------------------------------------------

--
-- Table structure for table `flash_sale_translations`
--

CREATE TABLE `flash_sale_translations` (
  `id` int UNSIGNED NOT NULL,
  `flash_sale_id` int UNSIGNED NOT NULL,
  `locale` varchar(191) CHARACTER SET utf8mb4 COLLATE utf8mb4_unicode_ci NOT NULL,
  `campaign_name` varchar(191) CHARACTER SET utf8mb4 COLLATE utf8mb4_unicode_ci NOT NULL
) ENGINE=InnoDB DEFAULT CHARSET=utf8mb4 COLLATE=utf8mb4_unicode_ci;

-- --------------------------------------------------------

--
-- Table structure for table `menus`
--

CREATE TABLE `menus` (
  `id` int UNSIGNED NOT NULL,
  `is_active` tinyint(1) NOT NULL,
  `created_at` timestamp NULL DEFAULT NULL,
  `updated_at` timestamp NULL DEFAULT NULL
) ENGINE=InnoDB DEFAULT CHARSET=utf8mb4 COLLATE=utf8mb4_unicode_ci;

--
-- Dumping data for table `menus`
--

INSERT INTO `menus` (`id`, `is_active`, `created_at`, `updated_at`) VALUES
(1, 1, '2023-07-14 14:12:09', '2023-07-14 14:12:09'),
(2, 1, '2023-07-14 14:23:53', '2023-07-14 14:23:53'),
(3, 1, '2023-07-15 03:06:03', '2023-07-15 03:06:03'),
(4, 1, '2023-07-15 03:08:23', '2023-07-15 03:08:23');

-- --------------------------------------------------------

--
-- Table structure for table `menu_items`
--

CREATE TABLE `menu_items` (
  `id` int UNSIGNED NOT NULL,
  `menu_id` int UNSIGNED NOT NULL,
  `parent_id` int UNSIGNED DEFAULT NULL,
  `category_id` int UNSIGNED DEFAULT NULL,
  `page_id` int UNSIGNED DEFAULT NULL,
  `type` varchar(191) CHARACTER SET utf8mb4 COLLATE utf8mb4_unicode_ci NOT NULL,
  `url` varchar(191) CHARACTER SET utf8mb4 COLLATE utf8mb4_unicode_ci DEFAULT NULL,
  `icon` varchar(191) CHARACTER SET utf8mb4 COLLATE utf8mb4_unicode_ci DEFAULT NULL,
  `target` varchar(191) CHARACTER SET utf8mb4 COLLATE utf8mb4_unicode_ci NOT NULL,
  `position` int UNSIGNED DEFAULT NULL,
  `is_root` tinyint(1) NOT NULL DEFAULT '0',
  `is_fluid` tinyint(1) NOT NULL,
  `is_active` tinyint(1) NOT NULL,
  `created_at` timestamp NULL DEFAULT NULL,
  `updated_at` timestamp NULL DEFAULT NULL
) ENGINE=InnoDB DEFAULT CHARSET=utf8mb4 COLLATE=utf8mb4_unicode_ci;

--
-- Dumping data for table `menu_items`
--

INSERT INTO `menu_items` (`id`, `menu_id`, `parent_id`, `category_id`, `page_id`, `type`, `url`, `icon`, `target`, `position`, `is_root`, `is_fluid`, `is_active`, `created_at`, `updated_at`) VALUES
(1, 1, NULL, NULL, NULL, 'URL', NULL, NULL, '_self', 0, 1, 0, 1, '2023-07-14 14:12:09', '2023-07-14 14:12:09'),
(2, 1, 1, NULL, NULL, 'url', '/products', NULL, '_self', 1, 0, 0, 1, '2023-07-14 14:12:49', '2023-07-15 09:17:10'),
(3, 1, 1, NULL, NULL, 'url', '/brands', NULL, '_self', 0, 0, 0, 1, '2023-07-14 14:13:25', '2023-07-15 09:17:10'),
(4, 2, NULL, NULL, NULL, 'URL', NULL, NULL, '_self', 0, 1, 0, 1, '2023-07-14 14:23:53', '2023-07-14 14:23:53'),
(5, 2, 4, 1, NULL, 'category', NULL, 'las la-car-battery', '_self', 0, 0, 1, 1, '2023-07-14 14:24:36', '2023-07-14 14:25:38'),
(6, 2, 4, 2, NULL, 'category', NULL, 'las la-tshirt', '_self', 1, 0, 1, 1, '2023-07-14 14:27:03', '2023-07-14 14:31:20'),
(7, 2, 4, NULL, NULL, 'url', '/categories/laptops/products', 'las la-laptop', '_self', 2, 0, 0, 1, '2023-07-14 14:31:18', '2023-07-14 14:31:20'),
(8, 2, 7, NULL, NULL, 'url', '/brands/hp/products', NULL, '_self', NULL, 0, 0, 1, '2023-07-14 14:31:58', '2023-07-14 14:31:58'),
(9, 2, 7, NULL, NULL, 'url', '/categories/huawei/products', NULL, '_self', NULL, 0, 0, 1, '2023-07-14 14:32:28', '2023-07-14 14:32:28'),
(10, 2, 7, NULL, NULL, 'url', '/brands/asus/products', NULL, '_self', NULL, 0, 0, 1, '2023-07-14 14:34:12', '2023-07-14 14:34:12'),
(11, 2, 7, NULL, NULL, 'url', '/brands/apple/products', NULL, '_self', NULL, 0, 0, 1, '2023-07-14 14:35:29', '2023-07-14 14:35:29'),
(12, 2, 4, NULL, NULL, 'url', '/categories/mobiles/products', 'las la-mobile', '_self', NULL, 0, 0, 1, '2023-07-14 14:36:39', '2023-07-14 14:36:39'),
(13, 2, 4, 3, NULL, 'category', NULL, 'las la-microchip', '_self', NULL, 0, 1, 1, '2023-07-14 14:37:53', '2023-07-14 14:37:53'),
(14, 2, 4, NULL, NULL, 'url', '/categories/televisions/products', 'las la-tv', '_self', NULL, 0, 0, 1, '2023-07-14 14:42:16', '2023-07-14 14:42:16'),
(15, 2, 4, NULL, NULL, 'url', '/categories/watches/products', 'lar la-clock', '_self', NULL, 0, 0, 1, '2023-07-14 14:47:12', '2023-07-14 14:47:12'),
(16, 2, 4, NULL, NULL, 'url', '/categories/mens-fashion/products', 'las la-tshirt', '_self', NULL, 0, 0, 1, '2023-07-14 14:48:26', '2023-07-14 14:48:26'),
(17, 2, 16, NULL, NULL, 'url', '/categories/mens-fashion/products', NULL, '_self', NULL, 0, 0, 1, '2023-07-14 14:49:37', '2023-07-14 14:49:37'),
(18, 2, 16, NULL, NULL, 'url', '/categories/womens-fashion/products', NULL, '_self', NULL, 0, 0, 1, '2023-07-14 14:50:58', '2023-07-14 14:50:58'),
(19, 2, 4, NULL, NULL, 'url', '/categories/backpacks/products', NULL, '_self', NULL, 0, 0, 1, '2023-07-14 14:52:44', '2023-07-14 14:52:44'),
(20, 1, 1, NULL, 5, 'page', NULL, NULL, '_self', 2, 0, 0, 1, '2023-07-15 03:02:57', '2023-07-15 08:25:50'),
(21, 1, 1, NULL, 2, 'page', NULL, NULL, '_self', 3, 0, 0, 1, '2023-07-15 03:03:24', '2023-07-15 08:25:50'),
(22, 1, 1, NULL, 4, 'page', NULL, NULL, '_self', 4, 0, 0, 1, '2023-07-15 03:03:44', '2023-07-15 08:25:50'),
(23, 3, NULL, NULL, NULL, 'URL', NULL, NULL, '_self', 0, 1, 0, 1, '2023-07-15 03:06:03', '2023-07-15 03:06:03'),
(24, 3, 23, NULL, 5, 'page', NULL, NULL, '_self', NULL, 0, 0, 1, '2023-07-15 03:06:23', '2023-07-15 03:06:23'),
(25, 3, 23, NULL, 3, 'page', NULL, NULL, '_self', NULL, 0, 0, 1, '2023-07-15 03:06:53', '2023-07-15 03:06:53'),
(26, 3, 23, NULL, 4, 'page', NULL, NULL, '_self', NULL, 0, 0, 1, '2023-07-15 03:07:05', '2023-07-15 03:07:05'),
(27, 3, 23, NULL, 1, 'page', NULL, NULL, '_self', NULL, 0, 0, 1, '2023-07-15 03:07:27', '2023-07-15 03:07:27'),
(28, 3, 23, NULL, 2, 'page', NULL, NULL, '_self', NULL, 0, 0, 1, '2023-07-15 03:07:45', '2023-07-15 03:07:45'),
(29, 4, NULL, NULL, NULL, 'URL', NULL, NULL, '_self', 0, 1, 0, 1, '2023-07-15 03:08:23', '2023-07-15 03:08:23'),
(30, 4, 29, NULL, NULL, 'url', '/categories/hot-sale/products', NULL, '_self', NULL, 0, 0, 1, '2023-07-15 03:08:48', '2023-07-15 03:08:48'),
(31, 4, 29, NULL, NULL, 'url', '/brands/samsung/products', NULL, '_self', NULL, 0, 0, 1, '2023-07-15 03:09:35', '2023-07-15 03:09:35'),
(32, 4, 29, NULL, NULL, 'url', '/brands/msi/products', NULL, '_self', NULL, 0, 0, 1, '2023-07-15 03:10:00', '2023-07-15 03:10:00'),
(33, 4, 29, NULL, NULL, 'url', '/categories/backpacks/products', NULL, '_self', NULL, 0, 0, 1, '2023-07-15 03:13:33', '2023-07-15 03:13:33'),
(34, 4, 29, NULL, NULL, 'url', '/categories/mens-fashion/products', NULL, '_self', NULL, 0, 0, 1, '2023-07-15 03:14:13', '2023-07-15 03:14:13');

-- --------------------------------------------------------

--
-- Table structure for table `menu_item_translations`
--

CREATE TABLE `menu_item_translations` (
  `id` int UNSIGNED NOT NULL,
  `menu_item_id` int UNSIGNED NOT NULL,
  `locale` varchar(191) CHARACTER SET utf8mb4 COLLATE utf8mb4_unicode_ci NOT NULL,
  `name` varchar(191) CHARACTER SET utf8mb4 COLLATE utf8mb4_unicode_ci NOT NULL
) ENGINE=InnoDB DEFAULT CHARSET=utf8mb4 COLLATE=utf8mb4_unicode_ci;

--
-- Dumping data for table `menu_item_translations`
--

INSERT INTO `menu_item_translations` (`id`, `menu_item_id`, `locale`, `name`) VALUES
(1, 1, 'en', 'root'),
(2, 1, 'id_ID', 'root'),
(3, 2, 'id_ID', 'Belanja'),
(4, 3, 'id_ID', 'Brands'),
(5, 4, 'en', 'root'),
(6, 4, 'id_ID', 'root'),
(7, 5, 'id_ID', 'Elektronik'),
(8, 6, 'id_ID', 'Fashion Pria'),
(9, 7, 'id_ID', 'Laptops'),
(10, 8, 'id_ID', 'HP'),
(11, 9, 'id_ID', 'Huawei'),
(12, 10, 'id_ID', 'Asus'),
(13, 11, 'id_ID', 'Apple'),
(14, 12, 'id_ID', 'Handphone'),
(15, 13, 'id_ID', 'Elektronik Rumah Tangga'),
(16, 14, 'id_ID', 'Televisi'),
(17, 15, 'id_ID', 'Jam Tangan'),
(18, 16, 'id_ID', 'Fashion'),
(19, 17, 'id_ID', 'Fashion Pria'),
(20, 18, 'id_ID', 'Fashion Wanita'),
(21, 19, 'id_ID', 'Tas Punggung'),
(22, 20, 'id_ID', 'Tentang Kami'),
(23, 21, 'id_ID', 'Term of Use'),
(24, 22, 'id_ID', 'FAQ'),
(25, 23, 'en', 'root'),
(26, 23, 'id_ID', 'root'),
(27, 24, 'id_ID', 'Tentang Kami'),
(28, 25, 'id_ID', 'Ketentuan Ratur'),
(29, 26, 'id_ID', 'FAQ'),
(30, 27, 'id_ID', 'Privacy & Policy'),
(31, 28, 'id_ID', 'Term of Use'),
(32, 29, 'en', 'root'),
(33, 29, 'id_ID', 'root'),
(34, 30, 'id_ID', 'New Arrivals'),
(35, 31, 'id_ID', 'Spesial'),
(36, 32, 'id_ID', 'Hot Deals'),
(37, 33, 'id_ID', 'Tas Punggung'),
(38, 34, 'id_ID', 'Fashion Pria');

-- --------------------------------------------------------

--
-- Table structure for table `menu_translations`
--

CREATE TABLE `menu_translations` (
  `id` int UNSIGNED NOT NULL,
  `menu_id` int UNSIGNED NOT NULL,
  `locale` varchar(191) CHARACTER SET utf8mb4 COLLATE utf8mb4_unicode_ci NOT NULL,
  `name` varchar(191) CHARACTER SET utf8mb4 COLLATE utf8mb4_unicode_ci NOT NULL
) ENGINE=InnoDB DEFAULT CHARSET=utf8mb4 COLLATE=utf8mb4_unicode_ci;

--
-- Dumping data for table `menu_translations`
--

INSERT INTO `menu_translations` (`id`, `menu_id`, `locale`, `name`) VALUES
(1, 1, 'id_ID', 'Primary Menu'),
(2, 2, 'id_ID', 'Category Menu'),
(3, 3, 'id_ID', 'Footer Menu 1'),
(4, 4, 'id_ID', 'Footer Menu 2');

-- --------------------------------------------------------

--
-- Table structure for table `meta_data`
--

CREATE TABLE `meta_data` (
  `id` int UNSIGNED NOT NULL,
  `entity_type` varchar(191) CHARACTER SET utf8mb4 COLLATE utf8mb4_unicode_ci NOT NULL,
  `entity_id` bigint UNSIGNED NOT NULL,
  `created_at` timestamp NULL DEFAULT NULL,
  `updated_at` timestamp NULL DEFAULT NULL
) ENGINE=InnoDB DEFAULT CHARSET=utf8mb4 COLLATE=utf8mb4_unicode_ci;

--
-- Dumping data for table `meta_data`
--

INSERT INTO `meta_data` (`id`, `entity_type`, `entity_id`, `created_at`, `updated_at`) VALUES
(1, 'Modules\\Brand\\Entities\\Brand', 1, '2023-07-14 07:42:36', '2023-07-14 07:42:36'),
(2, 'Modules\\Brand\\Entities\\Brand', 2, '2023-07-14 07:43:39', '2023-07-14 07:43:39'),
(3, 'Modules\\Brand\\Entities\\Brand', 3, '2023-07-14 07:47:07', '2023-07-14 07:47:07'),
(4, 'Modules\\Brand\\Entities\\Brand', 4, '2023-07-14 07:48:48', '2023-07-14 07:48:48'),
(5, 'Modules\\Brand\\Entities\\Brand', 5, '2023-07-14 07:49:57', '2023-07-14 07:49:57'),
(6, 'Modules\\Brand\\Entities\\Brand', 6, '2023-07-14 07:52:56', '2023-07-14 07:52:56'),
(7, 'Modules\\Brand\\Entities\\Brand', 7, '2023-07-14 07:54:19', '2023-07-14 07:54:19'),
(8, 'Modules\\Brand\\Entities\\Brand', 8, '2023-07-14 07:54:33', '2023-07-14 07:54:33'),
(9, 'Modules\\Brand\\Entities\\Brand', 9, '2023-07-14 07:54:45', '2023-07-14 07:54:45'),
(10, 'Modules\\Brand\\Entities\\Brand', 10, '2023-07-14 07:54:54', '2023-07-14 07:54:54'),
(11, 'Modules\\Brand\\Entities\\Brand', 11, '2023-07-14 07:55:04', '2023-07-14 07:55:04'),
(12, 'Modules\\Brand\\Entities\\Brand', 12, '2023-07-14 07:55:14', '2023-07-14 07:55:14'),
(13, 'Modules\\Brand\\Entities\\Brand', 13, '2023-07-14 07:55:18', '2023-07-14 07:55:18'),
(14, 'Modules\\Brand\\Entities\\Brand', 14, '2023-07-14 07:55:40', '2023-07-14 07:55:40'),
(15, 'Modules\\Brand\\Entities\\Brand', 15, '2023-07-14 07:55:49', '2023-07-14 07:55:49'),
(16, 'Modules\\Brand\\Entities\\Brand', 16, '2023-07-14 07:55:57', '2023-07-14 07:55:57'),
(17, 'Modules\\Brand\\Entities\\Brand', 17, '2023-07-14 07:56:05', '2023-07-14 07:56:05'),
(18, 'Modules\\Brand\\Entities\\Brand', 18, '2023-07-14 07:56:48', '2023-07-14 07:56:48'),
(19, 'Modules\\Product\\Entities\\Product', 1, '2023-07-14 09:49:36', '2023-07-14 09:49:36'),
(20, 'Modules\\Product\\Entities\\Product', 2, '2023-07-14 16:30:06', '2023-07-14 16:30:06'),
(21, 'Modules\\Product\\Entities\\Product', 3, '2023-07-14 16:33:34', '2023-07-14 16:33:34'),
(22, 'Modules\\Page\\Entities\\Page', 1, '2023-07-14 16:35:10', '2023-07-14 16:35:10'),
(23, 'Modules\\Page\\Entities\\Page', 2, '2023-07-14 16:35:33', '2023-07-14 16:35:33'),
(24, 'Modules\\Page\\Entities\\Page', 3, '2023-07-14 16:35:52', '2023-07-14 16:35:52'),
(25, 'Modules\\Page\\Entities\\Page', 4, '2023-07-14 16:36:11', '2023-07-14 16:36:11'),
(26, 'Modules\\Page\\Entities\\Page', 5, '2023-07-14 16:36:27', '2023-07-14 16:36:27'),
(27, 'Modules\\Product\\Entities\\Product', 4, '2023-07-15 09:11:57', '2023-07-15 09:11:57'),
(28, 'Modules\\Brand\\Entities\\Brand', 19, '2023-07-15 09:13:36', '2023-07-15 09:13:36');

-- --------------------------------------------------------

--
-- Table structure for table `meta_data_translations`
--

CREATE TABLE `meta_data_translations` (
  `id` int UNSIGNED NOT NULL,
  `meta_data_id` int UNSIGNED NOT NULL,
  `locale` varchar(191) CHARACTER SET utf8mb4 COLLATE utf8mb4_unicode_ci NOT NULL,
  `meta_title` varchar(191) CHARACTER SET utf8mb4 COLLATE utf8mb4_unicode_ci DEFAULT NULL,
  `meta_description` text CHARACTER SET utf8mb4 COLLATE utf8mb4_unicode_ci
) ENGINE=InnoDB DEFAULT CHARSET=utf8mb4 COLLATE=utf8mb4_unicode_ci;

--
-- Dumping data for table `meta_data_translations`
--

INSERT INTO `meta_data_translations` (`id`, `meta_data_id`, `locale`, `meta_title`, `meta_description`) VALUES
(1, 1, 'id_ID', NULL, NULL),
(2, 2, 'id_ID', NULL, NULL),
(3, 3, 'id_ID', NULL, NULL),
(4, 4, 'id_ID', NULL, NULL),
(5, 5, 'id_ID', NULL, NULL),
(6, 6, 'id_ID', NULL, NULL),
(7, 7, 'id_ID', NULL, NULL),
(8, 8, 'id_ID', NULL, NULL),
(9, 9, 'id_ID', NULL, NULL),
(10, 10, 'id_ID', NULL, NULL),
(11, 11, 'id_ID', NULL, NULL),
(12, 12, 'id_ID', NULL, NULL),
(13, 13, 'id_ID', NULL, NULL),
(14, 14, 'id_ID', NULL, NULL),
(15, 15, 'id_ID', NULL, NULL),
(16, 16, 'id_ID', NULL, NULL),
(17, 17, 'id_ID', NULL, NULL),
(18, 18, 'id_ID', NULL, NULL),
(19, 19, 'id_ID', 'apple-macbook-pro-2019-model-13-inch-intel-core-i5-14ghz-8gb-128gb-touch-bar-2-thunderbolt3-ports-muhn2-eng-kb-space-grey', '1.4GHz quad‑core 8th‑generation Intel Core i5 processor, Turbo Boost up to 3.9GHz\r\n8GB 2133MHz LPDDR3 memory, 128GB SSD storage, Retina display with True Tone\r\nIntel Iris Plus Graphics 645, Two Thunderbolt 3 ports, Touch Bar and Touch ID, Backlit Keyboard - US English'),
(20, 20, 'id_ID', NULL, NULL),
(21, 21, 'id_ID', NULL, NULL),
(22, 22, 'id_ID', NULL, NULL),
(23, 23, 'id_ID', NULL, NULL),
(24, 24, 'id_ID', NULL, NULL),
(25, 25, 'id_ID', NULL, NULL),
(26, 26, 'id_ID', NULL, NULL),
(27, 27, 'id_ID', NULL, NULL),
(28, 28, 'id_ID', NULL, NULL);

-- --------------------------------------------------------

--
-- Table structure for table `migrations`
--

CREATE TABLE `migrations` (
  `id` int UNSIGNED NOT NULL,
  `migration` varchar(191) CHARACTER SET utf8mb4 COLLATE utf8mb4_unicode_ci NOT NULL,
  `batch` int NOT NULL
) ENGINE=InnoDB DEFAULT CHARSET=utf8mb4 COLLATE=utf8mb4_unicode_ci;

--
-- Dumping data for table `migrations`
--

INSERT INTO `migrations` (`id`, `migration`, `batch`) VALUES
(1, '2014_07_02_230147_migration_cartalyst_sentinel', 1),
(2, '2014_10_14_200250_create_settings_table', 1),
(3, '2014_10_26_162751_create_files_table', 1),
(4, '2014_10_30_191858_create_pages_table', 1),
(5, '2014_11_31_125848_create_page_translations_table', 1),
(6, '2015_02_27_105241_create_entity_files_table', 1),
(7, '2015_11_20_184604486385_create_translations_table', 1),
(8, '2015_11_20_184604743083_create_translation_translations_table', 1),
(9, '2017_05_29_155126144426_create_products_table', 1),
(10, '2017_05_30_155126416338_create_product_translations_table', 1),
(11, '2017_08_02_153217_create_options_table', 1),
(12, '2017_08_02_153348_create_option_translations_table', 1),
(13, '2017_08_02_153406_create_option_values_table', 1),
(14, '2017_08_02_153736_create_option_value_translations_table', 1),
(15, '2017_08_03_156576_create_product_options_table', 1),
(16, '2017_08_17_170128_create_related_products_table', 1),
(17, '2017_08_17_175236_create_up_sell_products_table', 1),
(18, '2017_08_17_175828_create_cross_sell_products_table', 1),
(19, '2017_11_09_141332910964_create_categories_table', 1),
(20, '2017_11_09_141332931539_create_category_translations_table', 1),
(21, '2017_11_26_083614526622_create_meta_data_table', 1),
(22, '2017_11_26_083614526828_create_meta_data_translations_table', 1),
(23, '2018_01_24_125642_create_product_categories_table', 1),
(24, '2018_02_04_150917488267_create_coupons_table', 1),
(25, '2018_02_04_150917488698_create_coupon_translations_table', 1),
(26, '2018_03_11_181317_create_coupon_products_table', 1),
(27, '2018_03_15_091937_create_coupon_categories_table', 1),
(28, '2018_04_18_154028776225_create_reviews_table', 1),
(29, '2018_05_17_115822452977_create_currency_rates_table', 1),
(30, '2018_07_03_124153537506_create_sliders_table', 1),
(31, '2018_07_03_124153537695_create_slider_translations_table', 1),
(32, '2018_07_03_133107770172_create_slider_slides_table', 1),
(33, '2018_07_03_133107770486_create_slider_slide_translations_table', 1),
(34, '2018_07_28_190524758357_create_attribute_sets_table', 1),
(35, '2018_07_28_190524758497_create_attribute_set_translations_table', 1),
(36, '2018_07_28_190524758646_create_attributes_table', 1),
(37, '2018_07_28_190524758877_create_attribute_translations_table', 1),
(38, '2018_07_28_190524759461_create_product_attributes_table', 1),
(39, '2018_08_01_001919718631_create_tax_classes_table', 1),
(40, '2018_08_01_001919718935_create_tax_class_translations_table', 1),
(41, '2018_08_01_001919723551_create_tax_rates_table', 1),
(42, '2018_08_01_001919723781_create_tax_rate_translations_table', 1),
(43, '2018_08_03_195922206748_create_attribute_values_table', 1),
(44, '2018_08_03_195922207019_create_attribute_value_translations_table', 1),
(45, '2018_08_04_190524764275_create_product_attribute_values_table', 1),
(46, '2018_08_07_135631306565_create_orders_table', 1),
(47, '2018_08_07_135631309451_create_order_products_table', 1),
(48, '2018_08_07_135631309512_create_order_product_options_table', 1),
(49, '2018_08_07_135631309624_create_order_product_option_values_table', 1),
(50, '2018_09_11_213926106353_create_transactions_table', 1),
(51, '2018_09_19_081602135631_create_order_taxes_table', 1),
(52, '2018_09_19_103745_create_setting_translations_table', 1),
(53, '2018_10_01_224852175056_create_wish_lists_table', 1),
(54, '2018_10_04_185608_create_search_terms_table', 1),
(55, '2018_11_03_160015_create_menus_table', 1),
(56, '2018_11_03_160138_create_menu_translations_table', 1),
(57, '2018_11_03_160753_create_menu_items_table', 1),
(58, '2018_11_03_160804_create_menu_item_translation_table', 1),
(59, '2019_02_05_162605_add_position_to_slider_slides_table', 1),
(60, '2019_02_09_164343_remove_file_id_from_slider_slides_table', 1),
(61, '2019_02_09_164434_add_file_id_to_slider_slide_translations_table', 1),
(62, '2019_02_14_103408_create_attribute_categories_table', 1),
(63, '2019_08_09_164759_add_slug_column_to_attributes_table', 1),
(64, '2019_11_01_201511_add_special_price_type_column_to_products_table', 1),
(65, '2019_11_23_193101_add_value_column_to_order_product_options_table', 1),
(66, '2020_01_04_211424_add_icon_column_to_menu_items_table', 1),
(67, '2020_01_05_160502_add_direction_column_to_slider_slide_translations_table', 1),
(68, '2020_01_05_234014_add_speed_column_to_sliders_table', 1),
(69, '2020_01_05_235014_add_fade_column_to_sliders_table', 1),
(70, '2020_01_15_000346259038_create_flash_sales_table', 1),
(71, '2020_01_15_000346259349_create_flash_sale_translations_table', 1),
(72, '2020_01_23_011234_create_flash_sale_products_table', 1),
(73, '2020_01_30_015722_create_flash_sale_product_orders_table', 1),
(74, '2020_02_22_215943_delete_meta_keywords_column_from_meta_data_translations_table', 1),
(75, '2020_03_05_214602901973_create_brands_table', 1),
(76, '2020_03_05_214602902369_create_brand_translations_table', 1),
(77, '2020_03_06_234605_add_brand_id_column_to_products_table', 1),
(78, '2020_04_06_211526_add_note_column_to_orders_table', 1),
(79, '2020_04_28_034118164376_create_tags_table', 1),
(80, '2020_04_28_034118164618_create_tag_translations_table', 1),
(81, '2020_04_28_225657_create_product_tags_table', 1),
(82, '2020_05_10_041616_create_updater_scripts_table', 1),
(83, '2020_10_07_175000_create_addresses_table', 1),
(84, '2020_10_07_175004_create_default_addresses_table', 1),
(85, '2020_11_21_163822_add_downloads_columns_to_products_table', 1),
(86, '2021_01_08_203241_change_shipping_method_column_in_orders_table', 1),
(87, '2021_01_09_172744_add_phone_column_to_users_table', 1),
(88, '2021_01_11_170516_create_order_downloads_table', 1),
(89, '2023_05_04_194556_rename_column_virtual_to_is_virtual', 2);

-- --------------------------------------------------------

--
-- Table structure for table `options`
--

CREATE TABLE `options` (
  `id` int UNSIGNED NOT NULL,
  `type` varchar(191) CHARACTER SET utf8mb4 COLLATE utf8mb4_unicode_ci NOT NULL,
  `is_required` tinyint(1) NOT NULL,
  `is_global` tinyint(1) NOT NULL DEFAULT '1',
  `position` int UNSIGNED DEFAULT NULL,
  `deleted_at` timestamp NULL DEFAULT NULL,
  `created_at` timestamp NULL DEFAULT NULL,
  `updated_at` timestamp NULL DEFAULT NULL
) ENGINE=InnoDB DEFAULT CHARSET=utf8mb4 COLLATE=utf8mb4_unicode_ci;

--
-- Dumping data for table `options`
--

INSERT INTO `options` (`id`, `type`, `is_required`, `is_global`, `position`, `deleted_at`, `created_at`, `updated_at`) VALUES
(1, 'radio', 0, 1, NULL, NULL, '2023-07-14 09:28:04', '2023-07-14 09:28:04'),
(2, 'checkbox', 0, 1, NULL, NULL, '2023-07-14 09:29:25', '2023-07-14 09:29:25'),
(3, 'dropdown', 0, 1, NULL, NULL, '2023-07-14 12:53:26', '2023-07-14 12:53:26'),
(4, 'checkbox', 0, 1, NULL, NULL, '2023-07-14 13:59:07', '2023-07-14 13:59:07'),
(5, 'radio', 0, 1, NULL, NULL, '2023-07-14 14:00:09', '2023-07-14 14:00:09'),
(6, 'checkbox', 0, 1, NULL, NULL, '2023-07-14 14:01:10', '2023-07-14 14:01:10'),
(7, 'radio_custom', 0, 1, NULL, NULL, '2023-07-14 14:02:19', '2023-07-14 14:02:19'),
(8, 'checkbox', 0, 1, NULL, NULL, '2023-07-14 14:03:30', '2023-07-14 14:03:30'),
(9, 'checkbox_custom', 0, 1, NULL, NULL, '2023-07-14 14:04:40', '2023-07-14 14:04:40'),
(10, 'radio', 0, 1, NULL, NULL, '2023-07-14 14:05:29', '2023-07-14 14:05:29'),
(11, 'radio', 0, 1, NULL, NULL, '2023-07-14 14:06:34', '2023-07-14 14:06:34'),
(12, 'radio', 0, 1, NULL, NULL, '2023-07-14 14:07:25', '2023-07-14 14:07:25'),
(13, 'dropdown', 0, 1, NULL, NULL, '2023-07-14 14:08:28', '2023-07-14 14:08:28'),
(14, 'radio', 0, 0, 0, NULL, '2023-07-14 15:15:24', '2023-07-14 15:15:24');

-- --------------------------------------------------------

--
-- Table structure for table `option_translations`
--

CREATE TABLE `option_translations` (
  `id` int UNSIGNED NOT NULL,
  `option_id` int UNSIGNED NOT NULL,
  `locale` varchar(191) CHARACTER SET utf8mb4 COLLATE utf8mb4_unicode_ci NOT NULL,
  `name` varchar(191) CHARACTER SET utf8mb4 COLLATE utf8mb4_unicode_ci NOT NULL
) ENGINE=InnoDB DEFAULT CHARSET=utf8mb4 COLLATE=utf8mb4_unicode_ci;

--
-- Dumping data for table `option_translations`
--

INSERT INTO `option_translations` (`id`, `option_id`, `locale`, `name`) VALUES
(1, 1, 'id_ID', 'Laptop Color'),
(2, 2, 'id_ID', 'Jacket Size'),
(3, 3, 'id_ID', 'Laptop Ram'),
(4, 4, 'id_ID', 'Laptop Storage'),
(5, 5, 'id_ID', 'Mobile Ram'),
(6, 6, 'id_ID', 'Mobile Color'),
(7, 7, 'id_ID', 'Pant/Shirt Size'),
(8, 8, 'id_ID', 'Shoe Sizes'),
(9, 9, 'id_ID', 'Waist'),
(10, 10, 'id_ID', 'Watch Straps'),
(11, 11, 'id_ID', 'Warranty'),
(12, 12, 'id_ID', 'Dress Color'),
(13, 13, 'id_ID', 'Lens Options'),
(14, 14, 'id_ID', 'Color');

-- --------------------------------------------------------

--
-- Table structure for table `option_values`
--

CREATE TABLE `option_values` (
  `id` int UNSIGNED NOT NULL,
  `option_id` int UNSIGNED NOT NULL,
  `price` decimal(18,4) UNSIGNED DEFAULT NULL,
  `price_type` varchar(10) CHARACTER SET utf8mb4 COLLATE utf8mb4_unicode_ci NOT NULL,
  `position` int UNSIGNED NOT NULL,
  `created_at` timestamp NULL DEFAULT NULL,
  `updated_at` timestamp NULL DEFAULT NULL
) ENGINE=InnoDB DEFAULT CHARSET=utf8mb4 COLLATE=utf8mb4_unicode_ci;

--
-- Dumping data for table `option_values`
--

INSERT INTO `option_values` (`id`, `option_id`, `price`, `price_type`, `position`, `created_at`, `updated_at`) VALUES
(1, 1, NULL, 'fixed', 0, '2023-07-14 09:28:04', '2023-07-14 09:28:04'),
(2, 1, 1000000.0000, 'fixed', 1, '2023-07-14 09:28:04', '2023-07-14 09:28:04'),
(3, 1, 1300000.0000, 'fixed', 2, '2023-07-14 09:28:04', '2023-07-14 09:28:04'),
(4, 1, NULL, 'fixed', 3, '2023-07-14 09:28:04', '2023-07-14 09:28:04'),
(5, 2, NULL, 'fixed', 0, '2023-07-14 09:29:25', '2023-07-14 09:29:25'),
(6, 2, 50000.0000, 'fixed', 1, '2023-07-14 09:29:25', '2023-07-14 09:29:25'),
(7, 2, 100000.0000, 'fixed', 2, '2023-07-14 09:29:25', '2023-07-14 09:29:25'),
(8, 2, 150000.0000, 'fixed', 3, '2023-07-14 09:29:25', '2023-07-14 09:29:25'),
(9, 3, NULL, 'fixed', 0, '2023-07-14 12:53:26', '2023-07-14 12:53:26'),
(10, 3, NULL, 'fixed', 1, '2023-07-14 12:53:26', '2023-07-14 12:53:26'),
(11, 3, 2000000.0000, 'fixed', 2, '2023-07-14 12:53:26', '2023-07-14 12:53:26'),
(12, 3, 4000000.0000, 'fixed', 3, '2023-07-14 12:53:26', '2023-07-14 12:53:26'),
(13, 4, NULL, 'fixed', 0, '2023-07-14 13:59:07', '2023-07-14 13:59:07'),
(14, 4, 3000000.0000, 'fixed', 1, '2023-07-14 13:59:07', '2023-07-14 13:59:07'),
(15, 4, 5000000.0000, 'fixed', 2, '2023-07-14 13:59:07', '2023-07-14 13:59:07'),
(16, 5, NULL, 'fixed', 0, '2023-07-14 14:00:09', '2023-07-14 14:00:09'),
(17, 5, NULL, 'fixed', 1, '2023-07-14 14:00:09', '2023-07-14 14:00:09'),
(18, 5, NULL, 'fixed', 2, '2023-07-14 14:00:09', '2023-07-14 14:00:09'),
(19, 5, NULL, 'fixed', 3, '2023-07-14 14:00:09', '2023-07-14 14:00:09'),
(20, 6, NULL, 'fixed', 0, '2023-07-14 14:01:10', '2023-07-14 14:01:10'),
(21, 6, NULL, 'fixed', 1, '2023-07-14 14:01:10', '2023-07-14 14:01:10'),
(22, 6, NULL, 'fixed', 2, '2023-07-14 14:01:10', '2023-07-14 14:01:10'),
(23, 6, NULL, 'fixed', 3, '2023-07-14 14:01:10', '2023-07-14 14:01:10'),
(24, 6, NULL, 'fixed', 4, '2023-07-14 14:01:10', '2023-07-14 14:01:10'),
(25, 6, NULL, 'fixed', 5, '2023-07-14 14:01:10', '2023-07-14 14:01:10'),
(26, 7, NULL, 'fixed', 0, '2023-07-14 14:02:19', '2023-07-14 14:02:19'),
(27, 7, 50000.0000, 'fixed', 1, '2023-07-14 14:02:19', '2023-07-14 14:02:19'),
(28, 7, 70000.0000, 'fixed', 2, '2023-07-14 14:02:19', '2023-07-14 14:02:19'),
(29, 7, 120000.0000, 'fixed', 3, '2023-07-14 14:02:19', '2023-07-14 14:02:19'),
(30, 7, 150000.0000, 'fixed', 4, '2023-07-14 14:02:19', '2023-07-14 14:02:19'),
(31, 8, NULL, 'fixed', 0, '2023-07-14 14:03:30', '2023-07-14 14:03:30'),
(32, 8, NULL, 'fixed', 1, '2023-07-14 14:03:30', '2023-07-14 14:03:30'),
(33, 8, NULL, 'fixed', 2, '2023-07-14 14:03:30', '2023-07-14 14:03:30'),
(34, 8, NULL, 'fixed', 3, '2023-07-14 14:03:30', '2023-07-14 14:03:30'),
(35, 8, NULL, 'fixed', 4, '2023-07-14 14:03:30', '2023-07-14 14:03:30'),
(36, 8, NULL, 'fixed', 5, '2023-07-14 14:03:30', '2023-07-14 14:03:30'),
(37, 9, NULL, 'fixed', 0, '2023-07-14 14:04:40', '2023-07-14 14:04:40'),
(38, 9, NULL, 'fixed', 1, '2023-07-14 14:04:40', '2023-07-14 14:04:40'),
(39, 9, NULL, 'fixed', 2, '2023-07-14 14:04:40', '2023-07-14 14:04:40'),
(40, 9, NULL, 'fixed', 3, '2023-07-14 14:04:40', '2023-07-14 14:04:40'),
(41, 9, NULL, 'fixed', 4, '2023-07-14 14:04:40', '2023-07-14 14:04:40'),
(42, 10, NULL, 'fixed', 0, '2023-07-14 14:05:29', '2023-07-14 14:05:29'),
(43, 10, NULL, 'fixed', 1, '2023-07-14 14:05:29', '2023-07-14 14:05:29'),
(44, 10, NULL, 'fixed', 2, '2023-07-14 14:05:29', '2023-07-14 14:05:29'),
(45, 11, NULL, 'percent', 0, '2023-07-14 14:06:34', '2023-07-14 14:06:34'),
(46, 11, 40.0000, 'percent', 1, '2023-07-14 14:06:34', '2023-07-14 14:06:34'),
(47, 11, 80.0000, 'percent', 2, '2023-07-14 14:06:34', '2023-07-14 14:06:34'),
(48, 12, NULL, 'fixed', 0, '2023-07-14 14:07:25', '2023-07-14 14:07:25'),
(49, 12, NULL, 'fixed', 1, '2023-07-14 14:07:25', '2023-07-14 14:07:25'),
(50, 12, NULL, 'fixed', 2, '2023-07-14 14:07:25', '2023-07-14 14:07:25'),
(51, 12, NULL, 'fixed', 3, '2023-07-14 14:07:25', '2023-07-14 14:07:25'),
(52, 12, NULL, 'fixed', 4, '2023-07-14 14:07:25', '2023-07-14 14:07:25'),
(53, 12, NULL, 'fixed', 5, '2023-07-14 14:07:25', '2023-07-14 14:07:25'),
(54, 13, NULL, 'fixed', 0, '2023-07-14 14:08:28', '2023-07-14 14:08:28'),
(55, 13, 100000.0000, 'fixed', 1, '2023-07-14 14:08:28', '2023-07-14 14:08:28'),
(56, 13, 200000.0000, 'fixed', 2, '2023-07-14 14:08:28', '2023-07-14 14:08:28'),
(57, 14, NULL, 'fixed', 0, '2023-07-14 15:15:24', '2023-07-14 15:15:24'),
(58, 14, 20000000.0000, 'fixed', 1, '2023-07-14 15:15:24', '2023-07-14 15:15:24'),
(59, 14, 19500000.0000, 'fixed', 2, '2023-07-14 15:15:24', '2023-07-14 15:15:24');

-- --------------------------------------------------------

--
-- Table structure for table `option_value_translations`
--

CREATE TABLE `option_value_translations` (
  `id` int UNSIGNED NOT NULL,
  `option_value_id` int UNSIGNED NOT NULL,
  `locale` varchar(191) CHARACTER SET utf8mb4 COLLATE utf8mb4_unicode_ci NOT NULL,
  `label` varchar(191) CHARACTER SET utf8mb4 COLLATE utf8mb4_unicode_ci NOT NULL
) ENGINE=InnoDB DEFAULT CHARSET=utf8mb4 COLLATE=utf8mb4_unicode_ci;

--
-- Dumping data for table `option_value_translations`
--

INSERT INTO `option_value_translations` (`id`, `option_value_id`, `locale`, `label`) VALUES
(1, 1, 'id_ID', 'Space Grey'),
(2, 2, 'id_ID', 'Silver'),
(3, 3, 'id_ID', 'Gold'),
(4, 4, 'id_ID', 'Black'),
(5, 5, 'id_ID', 'SM'),
(6, 6, 'id_ID', 'M'),
(7, 7, 'id_ID', 'L'),
(8, 8, 'id_ID', 'XXL'),
(9, 9, 'id_ID', '4GB'),
(10, 10, 'id_ID', '8GB'),
(11, 11, 'id_ID', '16GB'),
(12, 12, 'id_ID', '32GB'),
(13, 13, 'id_ID', '500GB'),
(14, 14, 'id_ID', '1TB'),
(15, 15, 'id_ID', '2TB'),
(16, 16, 'id_ID', '4GB'),
(17, 17, 'id_ID', '6GB'),
(18, 18, 'id_ID', '8GB'),
(19, 19, 'id_ID', '12GB'),
(20, 20, 'id_ID', 'Space Grey'),
(21, 21, 'id_ID', 'Rose Gold'),
(22, 22, 'id_ID', 'Black'),
(23, 23, 'id_ID', 'Silver'),
(24, 24, 'id_ID', 'White'),
(25, 25, 'id_ID', 'Red'),
(26, 26, 'id_ID', 'SM'),
(27, 27, 'id_ID', 'M'),
(28, 28, 'id_ID', 'L'),
(29, 29, 'id_ID', 'XL'),
(30, 30, 'id_ID', 'XXL'),
(31, 31, 'id_ID', '40'),
(32, 32, 'id_ID', '41'),
(33, 33, 'id_ID', '42'),
(34, 34, 'id_ID', '43'),
(35, 35, 'id_ID', '44'),
(36, 36, 'id_ID', '45'),
(37, 37, 'id_ID', '30'),
(38, 38, 'id_ID', '32'),
(39, 39, 'id_ID', '34'),
(40, 40, 'id_ID', '36'),
(41, 41, 'id_ID', '38'),
(42, 42, 'id_ID', 'Nylon Strap'),
(43, 43, 'id_ID', 'Leather strap'),
(44, 44, 'id_ID', 'Stainless Steel Strap'),
(45, 45, 'id_ID', '1 year'),
(46, 46, 'id_ID', '2 year'),
(47, 47, 'id_ID', '3 year'),
(48, 48, 'id_ID', 'Black'),
(49, 49, 'id_ID', 'Blue'),
(50, 50, 'id_ID', 'Olive'),
(51, 51, 'id_ID', 'Brown'),
(52, 52, 'id_ID', 'Grey'),
(53, 53, 'id_ID', 'White'),
(54, 54, 'id_ID', 'Standard'),
(55, 55, 'id_ID', 'UV 400'),
(56, 56, 'id_ID', 'Polarized'),
(57, 57, 'id_ID', 'Silver'),
(58, 58, 'id_ID', 'Space Grey'),
(59, 59, 'id_ID', 'Gold');

-- --------------------------------------------------------

--
-- Table structure for table `orders`
--

CREATE TABLE `orders` (
  `id` int UNSIGNED NOT NULL,
  `customer_id` int DEFAULT NULL,
  `customer_email` varchar(191) CHARACTER SET utf8mb4 COLLATE utf8mb4_unicode_ci NOT NULL,
  `customer_phone` varchar(191) CHARACTER SET utf8mb4 COLLATE utf8mb4_unicode_ci DEFAULT NULL,
  `customer_first_name` varchar(191) CHARACTER SET utf8mb4 COLLATE utf8mb4_unicode_ci NOT NULL,
  `customer_last_name` varchar(191) CHARACTER SET utf8mb4 COLLATE utf8mb4_unicode_ci NOT NULL,
  `billing_first_name` varchar(191) CHARACTER SET utf8mb4 COLLATE utf8mb4_unicode_ci NOT NULL,
  `billing_last_name` varchar(191) CHARACTER SET utf8mb4 COLLATE utf8mb4_unicode_ci NOT NULL,
  `billing_address_1` varchar(191) CHARACTER SET utf8mb4 COLLATE utf8mb4_unicode_ci NOT NULL,
  `billing_address_2` varchar(191) CHARACTER SET utf8mb4 COLLATE utf8mb4_unicode_ci DEFAULT NULL,
  `billing_city` varchar(191) CHARACTER SET utf8mb4 COLLATE utf8mb4_unicode_ci NOT NULL,
  `billing_state` varchar(191) CHARACTER SET utf8mb4 COLLATE utf8mb4_unicode_ci NOT NULL,
  `billing_zip` varchar(191) CHARACTER SET utf8mb4 COLLATE utf8mb4_unicode_ci NOT NULL,
  `billing_country` varchar(191) CHARACTER SET utf8mb4 COLLATE utf8mb4_unicode_ci NOT NULL,
  `shipping_first_name` varchar(191) CHARACTER SET utf8mb4 COLLATE utf8mb4_unicode_ci NOT NULL,
  `shipping_last_name` varchar(191) CHARACTER SET utf8mb4 COLLATE utf8mb4_unicode_ci NOT NULL,
  `shipping_address_1` varchar(191) CHARACTER SET utf8mb4 COLLATE utf8mb4_unicode_ci NOT NULL,
  `shipping_address_2` varchar(191) CHARACTER SET utf8mb4 COLLATE utf8mb4_unicode_ci DEFAULT NULL,
  `shipping_city` varchar(191) CHARACTER SET utf8mb4 COLLATE utf8mb4_unicode_ci NOT NULL,
  `shipping_state` varchar(191) CHARACTER SET utf8mb4 COLLATE utf8mb4_unicode_ci NOT NULL,
  `shipping_zip` varchar(191) CHARACTER SET utf8mb4 COLLATE utf8mb4_unicode_ci NOT NULL,
  `shipping_country` varchar(191) CHARACTER SET utf8mb4 COLLATE utf8mb4_unicode_ci NOT NULL,
  `sub_total` decimal(18,4) UNSIGNED NOT NULL,
  `shipping_method` varchar(191) CHARACTER SET utf8mb4 COLLATE utf8mb4_unicode_ci DEFAULT NULL,
  `shipping_cost` decimal(18,4) UNSIGNED NOT NULL,
  `coupon_id` int DEFAULT NULL,
  `discount` decimal(18,4) UNSIGNED NOT NULL,
  `total` decimal(18,4) UNSIGNED NOT NULL,
  `payment_method` varchar(191) CHARACTER SET utf8mb4 COLLATE utf8mb4_unicode_ci NOT NULL,
  `currency` varchar(191) CHARACTER SET utf8mb4 COLLATE utf8mb4_unicode_ci NOT NULL,
  `currency_rate` decimal(18,4) NOT NULL,
  `locale` varchar(191) CHARACTER SET utf8mb4 COLLATE utf8mb4_unicode_ci NOT NULL,
  `status` varchar(191) CHARACTER SET utf8mb4 COLLATE utf8mb4_unicode_ci NOT NULL,
  `note` text CHARACTER SET utf8mb4 COLLATE utf8mb4_unicode_ci,
  `deleted_at` timestamp NULL DEFAULT NULL,
  `created_at` timestamp NULL DEFAULT NULL,
  `updated_at` timestamp NULL DEFAULT NULL
) ENGINE=InnoDB DEFAULT CHARSET=utf8mb4 COLLATE=utf8mb4_unicode_ci;

--
-- Dumping data for table `orders`
--

INSERT INTO `orders` (`id`, `customer_id`, `customer_email`, `customer_phone`, `customer_first_name`, `customer_last_name`, `billing_first_name`, `billing_last_name`, `billing_address_1`, `billing_address_2`, `billing_city`, `billing_state`, `billing_zip`, `billing_country`, `shipping_first_name`, `shipping_last_name`, `shipping_address_1`, `shipping_address_2`, `shipping_city`, `shipping_state`, `shipping_zip`, `shipping_country`, `sub_total`, `shipping_method`, `shipping_cost`, `coupon_id`, `discount`, `total`, `payment_method`, `currency`, `currency_rate`, `locale`, `status`, `note`, `deleted_at`, `created_at`, `updated_at`) VALUES
(1, 2, 'imronreviady1@gmail.com', '085892151006', 'Imron', 'Reviady', 'Imron', 'Reviady', 'Kp. Cilangkap, Kecamatan Tapos', 'No 83', 'Depok', 'JB', '16458', 'ID', 'Imron', 'Reviady', 'Kp. Cilangkap, Kecamatan Tapos', 'No 83', 'Depok', 'JB', '16458', 'ID', 8364736.0000, 'free_shipping', 0.0000, NULL, 0.0000, 9284856.9600, 'bank_transfer', 'IDR', 1.0000, 'id_ID', 'pending', NULL, NULL, '2023-07-15 06:48:40', '2023-07-15 06:48:40'),
(2, 2, 'imronreviady1@gmail.com', '085892151006', 'Imron', 'Reviady', 'Imron', 'Reviady', 'Kp. Cilangkap, Kecamatan Tapos', 'No 83', 'Depok', 'JB', '16458', 'ID', 'Imron', 'Reviady', 'Kp. Cilangkap, Kecamatan Tapos', 'No 83', 'Depok', 'JB', '16458', 'ID', 19000000.0000, 'free_shipping', 0.0000, NULL, 0.0000, 21090000.0000, 'bank_transfer', 'IDR', 1.0000, 'id_ID', 'processing', NULL, NULL, '2023-07-15 08:18:08', '2023-07-15 08:22:46'),
(3, 2, 'imronreviady1@gmail.com', '085892151006', 'Imron', 'Reviady', 'Imron', 'Reviady', 'Kp. Cilangkap, Kecamatan Tapos', 'No 83', 'Depok', 'JB', '16458', 'ID', 'Imron', 'Reviady', 'Kp. Cilangkap, Kecamatan Tapos', 'No 83', 'Depok', 'JB', '16458', 'ID', 19000000.0000, 'free_shipping', 0.0000, NULL, 0.0000, 21090000.0000, 'bank_transfer', 'IDR', 1.0000, 'id_ID', 'pending', NULL, NULL, '2023-07-15 08:58:35', '2023-07-15 08:58:35'),
(4, 3, 'customer1@gmail.com', '08678678687', 'Customer', '1', 'Customer', '1', 'asasdasd', 'asdasd', 'Depok', 'JB', '16458', 'ID', 'Customer', '1', 'asasdasd', 'asdasd', 'Depok', 'JB', '16458', 'ID', 19000000.0000, 'free_shipping', 0.0000, NULL, 0.0000, 21090000.0000, 'bank_transfer', 'IDR', 1.0000, 'id_ID', 'canceled', NULL, NULL, '2023-07-15 09:10:05', '2023-07-15 09:15:59');

-- --------------------------------------------------------

--
-- Table structure for table `order_downloads`
--

CREATE TABLE `order_downloads` (
  `id` int UNSIGNED NOT NULL,
  `order_id` int UNSIGNED NOT NULL,
  `file_id` int UNSIGNED NOT NULL
) ENGINE=InnoDB DEFAULT CHARSET=utf8mb4 COLLATE=utf8mb4_unicode_ci;

-- --------------------------------------------------------

--
-- Table structure for table `order_products`
--

CREATE TABLE `order_products` (
  `id` int UNSIGNED NOT NULL,
  `order_id` int UNSIGNED NOT NULL,
  `product_id` int UNSIGNED NOT NULL,
  `unit_price` decimal(18,4) UNSIGNED NOT NULL,
  `qty` int NOT NULL,
  `line_total` decimal(18,4) UNSIGNED NOT NULL
) ENGINE=InnoDB DEFAULT CHARSET=utf8mb4 COLLATE=utf8mb4_unicode_ci;

--
-- Dumping data for table `order_products`
--

INSERT INTO `order_products` (`id`, `order_id`, `product_id`, `unit_price`, `qty`, `line_total`) VALUES
(1, 1, 2, 8364736.0000, 1, 8364736.0000),
(2, 2, 1, 19000000.0000, 1, 19000000.0000),
(3, 3, 1, 19000000.0000, 1, 19000000.0000),
(4, 4, 1, 19000000.0000, 1, 19000000.0000);

-- --------------------------------------------------------

--
-- Table structure for table `order_product_options`
--

CREATE TABLE `order_product_options` (
  `id` int UNSIGNED NOT NULL,
  `order_product_id` int UNSIGNED NOT NULL,
  `option_id` int UNSIGNED NOT NULL,
  `value` text CHARACTER SET utf8mb4 COLLATE utf8mb4_unicode_ci
) ENGINE=InnoDB DEFAULT CHARSET=utf8mb4 COLLATE=utf8mb4_unicode_ci;

--
-- Dumping data for table `order_product_options`
--

INSERT INTO `order_product_options` (`id`, `order_product_id`, `option_id`, `value`) VALUES
(1, 3, 14, 'Silver'),
(2, 4, 14, 'Silver');

-- --------------------------------------------------------

--
-- Table structure for table `order_product_option_values`
--

CREATE TABLE `order_product_option_values` (
  `order_product_option_id` int UNSIGNED NOT NULL,
  `option_value_id` int UNSIGNED NOT NULL,
  `price` decimal(18,4) UNSIGNED DEFAULT NULL
) ENGINE=InnoDB DEFAULT CHARSET=utf8mb4 COLLATE=utf8mb4_unicode_ci;

--
-- Dumping data for table `order_product_option_values`
--

INSERT INTO `order_product_option_values` (`order_product_option_id`, `option_value_id`, `price`) VALUES
(1, 57, NULL),
(2, 57, NULL);

-- --------------------------------------------------------

--
-- Table structure for table `order_taxes`
--

CREATE TABLE `order_taxes` (
  `order_id` int UNSIGNED NOT NULL,
  `tax_rate_id` int UNSIGNED NOT NULL,
  `amount` decimal(15,4) UNSIGNED NOT NULL
) ENGINE=InnoDB DEFAULT CHARSET=utf8mb4 COLLATE=utf8mb4_unicode_ci;

--
-- Dumping data for table `order_taxes`
--

INSERT INTO `order_taxes` (`order_id`, `tax_rate_id`, `amount`) VALUES
(1, 1, 920120.9600),
(2, 1, 2090000.0000),
(3, 1, 2090000.0000),
(4, 1, 2090000.0000);

-- --------------------------------------------------------

--
-- Table structure for table `pages`
--

CREATE TABLE `pages` (
  `id` int UNSIGNED NOT NULL,
  `slug` varchar(191) CHARACTER SET utf8mb4 COLLATE utf8mb4_unicode_ci NOT NULL,
  `is_active` tinyint(1) NOT NULL,
  `created_at` timestamp NULL DEFAULT NULL,
  `updated_at` timestamp NULL DEFAULT NULL
) ENGINE=InnoDB DEFAULT CHARSET=utf8mb4 COLLATE=utf8mb4_unicode_ci;

--
-- Dumping data for table `pages`
--

INSERT INTO `pages` (`id`, `slug`, `is_active`, `created_at`, `updated_at`) VALUES
(1, 'privacy-policy', 1, '2023-07-14 16:35:10', '2023-07-14 16:35:10'),
(2, 'terms-of-service', 1, '2023-07-14 16:35:33', '2023-07-14 16:35:33'),
(3, 'return-policy', 1, '2023-07-14 16:35:52', '2023-07-14 16:35:52'),
(4, 'faq', 1, '2023-07-14 16:36:11', '2023-07-14 16:36:11'),
(5, 'about-us', 1, '2023-07-14 16:36:27', '2023-07-14 16:36:27');

-- --------------------------------------------------------

--
-- Table structure for table `page_translations`
--

CREATE TABLE `page_translations` (
  `id` int UNSIGNED NOT NULL,
  `page_id` int UNSIGNED NOT NULL,
  `locale` varchar(191) CHARACTER SET utf8mb4 COLLATE utf8mb4_unicode_ci NOT NULL,
  `name` varchar(191) CHARACTER SET utf8mb4 COLLATE utf8mb4_unicode_ci NOT NULL,
  `body` longtext CHARACTER SET utf8mb4 COLLATE utf8mb4_unicode_ci NOT NULL
) ENGINE=InnoDB DEFAULT CHARSET=utf8mb4 COLLATE=utf8mb4_unicode_ci;

--
-- Dumping data for table `page_translations`
--

INSERT INTO `page_translations` (`id`, `page_id`, `locale`, `name`, `body`) VALUES
(1, 1, 'id_ID', 'Privacy & Policy', '<h1 style=\"text-align: center;\">Privacy Policy</h1>'),
(2, 2, 'id_ID', 'Terms of Service', '<h1 style=\"text-align: center;\">Terms of Service</h1>'),
(3, 3, 'id_ID', 'Return Policy', '<h1 style=\"text-align: center;\">Return Policy</h1>'),
(4, 4, 'id_ID', 'FAQ', '<h1 style=\"text-align: center;\">Help &amp; FAQ</h1>'),
(5, 5, 'id_ID', 'About Us', '<h1 style=\"text-align: center;\">About Us</h1>\r\n<p>test</p>');

-- --------------------------------------------------------

--
-- Table structure for table `persistences`
--

CREATE TABLE `persistences` (
  `id` int UNSIGNED NOT NULL,
  `user_id` int UNSIGNED NOT NULL,
  `code` varchar(191) CHARACTER SET utf8mb4 COLLATE utf8mb4_unicode_ci NOT NULL,
  `created_at` timestamp NULL DEFAULT NULL,
  `updated_at` timestamp NULL DEFAULT NULL
) ENGINE=InnoDB DEFAULT CHARSET=utf8mb4 COLLATE=utf8mb4_unicode_ci;

--
-- Dumping data for table `persistences`
--

INSERT INTO `persistences` (`id`, `user_id`, `code`, `created_at`, `updated_at`) VALUES
(1, 1, 'GRzeyy1Wd8xjomTzMa7BvroYpH0tj0Lo', '2023-07-13 17:40:31', '2023-07-13 17:40:31'),
(2, 1, 'IaG04pgQFHpTiMEm1SgR5UZboTqVRwzO', '2023-07-13 21:16:52', '2023-07-13 21:16:52'),
(3, 1, 'RCkKpoOyr78xEzbFOUWw4bNkmbDqaPtO', '2023-07-14 01:48:45', '2023-07-14 01:48:45'),
(4, 1, 'kRtXRHiAl3oqv7VnSFBtDsp7v78Sp89U', '2023-07-14 05:03:06', '2023-07-14 05:03:06'),
(17, 1, 'SKpEN7V636sBuch5zhbcF94KNoMizx6t', '2023-07-15 09:10:53', '2023-07-15 09:10:53');

-- --------------------------------------------------------

--
-- Table structure for table `products`
--

CREATE TABLE `products` (
  `id` int UNSIGNED NOT NULL,
  `brand_id` int UNSIGNED DEFAULT NULL,
  `tax_class_id` int UNSIGNED DEFAULT NULL,
  `slug` varchar(191) CHARACTER SET utf8mb4 COLLATE utf8mb4_unicode_ci NOT NULL,
  `price` decimal(18,4) UNSIGNED NOT NULL,
  `special_price` decimal(18,4) UNSIGNED DEFAULT NULL,
  `special_price_type` varchar(191) CHARACTER SET utf8mb4 COLLATE utf8mb4_unicode_ci DEFAULT NULL,
  `special_price_start` date DEFAULT NULL,
  `special_price_end` date DEFAULT NULL,
  `selling_price` decimal(18,4) UNSIGNED DEFAULT NULL,
  `sku` varchar(191) CHARACTER SET utf8mb4 COLLATE utf8mb4_unicode_ci DEFAULT NULL,
  `manage_stock` tinyint(1) NOT NULL DEFAULT '0',
  `qty` int DEFAULT NULL,
  `in_stock` tinyint(1) NOT NULL DEFAULT '1',
  `viewed` int UNSIGNED NOT NULL DEFAULT '0',
  `is_active` tinyint(1) NOT NULL,
  `new_from` datetime DEFAULT NULL,
  `new_to` datetime DEFAULT NULL,
  `deleted_at` timestamp NULL DEFAULT NULL,
  `created_at` timestamp NULL DEFAULT NULL,
  `updated_at` timestamp NULL DEFAULT NULL,
  `is_virtual` tinyint(1) NOT NULL DEFAULT '0'
) ENGINE=InnoDB DEFAULT CHARSET=utf8mb4 COLLATE=utf8mb4_unicode_ci;

--
-- Dumping data for table `products`
--

INSERT INTO `products` (`id`, `brand_id`, `tax_class_id`, `slug`, `price`, `special_price`, `special_price_type`, `special_price_start`, `special_price_end`, `selling_price`, `sku`, `manage_stock`, `qty`, `in_stock`, `viewed`, `is_active`, `new_from`, `new_to`, `deleted_at`, `created_at`, `updated_at`, `is_virtual`) VALUES
(1, 1, 1, 'apple-macbook-pro-2019-model-13-inch-intel-core-i5-14ghz-8gb-128gb', 19000000.0000, NULL, 'fixed', NULL, NULL, 19000000.0000, 'PUYNR7RX', 0, NULL, 1, 9, 1, NULL, NULL, NULL, '2023-07-14 09:49:36', '2023-07-15 09:08:24', 0),
(2, 4, 1, 'oneplus-7-pro-gm1910-256gb-8gb-dual-sim-667-inch-48mp-main-lens-triple-camera', 8364736.0000, NULL, 'fixed', NULL, NULL, 8364736.0000, 'ZGY58TBF', 1, 9, 1, 2, 1, NULL, NULL, NULL, '2023-07-14 16:30:06', '2023-07-15 06:48:40', 0),
(3, 5, 1, 'hp-spectre-x360-2-in-1-156-4k-ultra-hd-touch-screen-laptop-intel-i7-8th-gen', 22442183.3400, 19452875.0000, 'fixed', NULL, '2024-01-01', 19452875.0000, NULL, 0, NULL, 1, 0, 1, NULL, NULL, NULL, '2023-07-14 16:33:34', '2023-07-14 16:33:34', 0),
(4, 8, 1, 'test', 40000000.0000, NULL, 'fixed', NULL, NULL, 40000000.0000, NULL, 0, NULL, 1, 0, 1, NULL, NULL, '2023-07-15 09:12:19', '2023-07-15 09:11:57', '2023-07-15 09:12:19', 0);

-- --------------------------------------------------------

--
-- Table structure for table `product_attributes`
--

CREATE TABLE `product_attributes` (
  `id` int UNSIGNED NOT NULL,
  `product_id` int UNSIGNED NOT NULL,
  `attribute_id` int UNSIGNED NOT NULL
) ENGINE=InnoDB DEFAULT CHARSET=utf8mb4 COLLATE=utf8mb4_unicode_ci;

--
-- Dumping data for table `product_attributes`
--

INSERT INTO `product_attributes` (`id`, `product_id`, `attribute_id`) VALUES
(3, 1, 1),
(4, 1, 15),
(5, 1, 14),
(6, 1, 4),
(7, 1, 3),
(8, 1, 5),
(9, 1, 6),
(10, 1, 11),
(11, 1, 12);

-- --------------------------------------------------------

--
-- Table structure for table `product_attribute_values`
--

CREATE TABLE `product_attribute_values` (
  `product_attribute_id` int UNSIGNED NOT NULL,
  `attribute_value_id` int UNSIGNED NOT NULL
) ENGINE=InnoDB DEFAULT CHARSET=utf8mb4 COLLATE=utf8mb4_unicode_ci;

--
-- Dumping data for table `product_attribute_values`
--

INSERT INTO `product_attribute_values` (`product_attribute_id`, `attribute_value_id`) VALUES
(3, 1),
(7, 18),
(6, 26),
(8, 31),
(9, 36),
(10, 67),
(11, 71),
(5, 82),
(4, 89),
(4, 93),
(4, 94);

-- --------------------------------------------------------

--
-- Table structure for table `product_categories`
--

CREATE TABLE `product_categories` (
  `product_id` int UNSIGNED NOT NULL,
  `category_id` int UNSIGNED NOT NULL
) ENGINE=InnoDB DEFAULT CHARSET=utf8mb4 COLLATE=utf8mb4_unicode_ci;

--
-- Dumping data for table `product_categories`
--

INSERT INTO `product_categories` (`product_id`, `category_id`) VALUES
(1, 1),
(2, 1),
(3, 1),
(4, 1),
(2, 8),
(4, 8),
(2, 10),
(1, 11),
(3, 11),
(2, 47),
(2, 48),
(2, 50),
(2, 51),
(2, 52),
(2, 59),
(1, 64),
(1, 66),
(3, 66),
(1, 68),
(3, 68);

-- --------------------------------------------------------

--
-- Table structure for table `product_options`
--

CREATE TABLE `product_options` (
  `product_id` int UNSIGNED NOT NULL,
  `option_id` int UNSIGNED NOT NULL
) ENGINE=InnoDB DEFAULT CHARSET=utf8mb4 COLLATE=utf8mb4_unicode_ci;

--
-- Dumping data for table `product_options`
--

INSERT INTO `product_options` (`product_id`, `option_id`) VALUES
(1, 14);

-- --------------------------------------------------------

--
-- Table structure for table `product_tags`
--

CREATE TABLE `product_tags` (
  `product_id` int UNSIGNED NOT NULL,
  `tag_id` int UNSIGNED NOT NULL
) ENGINE=InnoDB DEFAULT CHARSET=utf8mb4 COLLATE=utf8mb4_unicode_ci;

-- --------------------------------------------------------

--
-- Table structure for table `product_translations`
--

CREATE TABLE `product_translations` (
  `id` int UNSIGNED NOT NULL,
  `product_id` int UNSIGNED NOT NULL,
  `locale` varchar(191) CHARACTER SET utf8mb4 COLLATE utf8mb4_unicode_ci NOT NULL,
  `name` varchar(191) CHARACTER SET utf8mb4 COLLATE utf8mb4_unicode_ci NOT NULL,
  `description` longtext CHARACTER SET utf8mb4 COLLATE utf8mb4_unicode_ci NOT NULL,
  `short_description` text CHARACTER SET utf8mb4 COLLATE utf8mb4_unicode_ci
) ENGINE=InnoDB DEFAULT CHARSET=utf8mb4 COLLATE=utf8mb4_unicode_ci;

--
-- Dumping data for table `product_translations`
--

INSERT INTO `product_translations` (`id`, `product_id`, `locale`, `name`, `description`, `short_description`) VALUES
(1, 1, 'id_ID', 'Apple MacBook Pro 2019 Model (13-Inch, Intel Core i5, 1.4Ghz, 8GB, 128GB)', '<h1 style=\"text-align: center;\">Apple MacBook Pro 2019</h1>\r\n<h4>Product Details:</h4>\r\n<p>A touch of genius. The Apple 13.3\" MacBook Pro with Touch Bar is faster and more powerful than before, yet remarkably thinner and lighter. It has the brightest, most colorful Mac notebook display ever. And it introduces the Touch Bar - a Multi-Touch enabled strip of glass built into the keyboard for instant access to tools you want, right when you want them. The new MacBook Pro is built on groundbreaking ideas. And it\'s ready for yours.</p>\r\n<p><strong>Thunderbolt 3 Compatible</strong></p>\r\n<p>The Thunderbolt 3 is a revolutionary USB-C cable that can be used to transfer 4K video in seconds, connect your laptop to a TV screen or other device, or provide power and charge your laptop faster than ever before. The Apple MacBook Pro has four Thunderbolt 3 ports so you can take advantage of this lightening fast, high pixel connection.</p>\r\n<p><strong>Sleek and Stylish</strong></p>\r\n<p>The MacBook Pro has a thin body that is easily transported in a backpack or briefcase. The space gray finish is stylish and durable, and features like the ergonomic keyboard and large glass trackpad make it easy to use. The High Sierra operating system is intuitive and features a practical array of apps including iCloud.</p>\r\n<p><strong>Touch Bar with Touch ID</strong></p>\r\n<p>The Apple 256GB MacBook Pro includes a touch sensitive LED bar instead of the function keys at the top of the keyboard. This bar displays options that work best with the app you are currently using and don\'t require the memorization needed to keep track of the uses of each function key. Touch ID is integrated into this Apple laptop\'s power button and can be used to authorize purchases in Apple Pay. The Touch ID accurately scans your fingerprint so it can match it with the Secure Enclave in the laptop\'s Apple T2 co-processor chip. Make payments with ease and peace of mind knowing that Touch ID technology operates with the highest degree of precision.</p>\r\n<h4>&nbsp;</h4>\r\n<h4>Technical Details:</h4>\r\n<table id=\"productDetails_techSpec_section_1\" class=\"a-keyvalue prodDetTable\" role=\"presentation\">\r\n<tbody>\r\n<tr>\r\n<th class=\"a-color-secondary a-size-base prodDetSectionEntry\" style=\"text-align: left;\">Screen Size</th>\r\n<td class=\"a-size-base\" style=\"text-align: right;\">13.3 inches</td>\r\n</tr>\r\n<tr>\r\n<th class=\"a-color-secondary a-size-base prodDetSectionEntry\" style=\"text-align: left;\">Screen Resolution</th>\r\n<td class=\"a-size-base\" style=\"text-align: right;\">2560 x 1600</td>\r\n</tr>\r\n<tr>\r\n<th class=\"a-color-secondary a-size-base prodDetSectionEntry\" style=\"text-align: left;\">Processor</th>\r\n<td class=\"a-size-base\" style=\"text-align: right;\">3.1 GHz core_i5</td>\r\n</tr>\r\n<tr>\r\n<th class=\"a-color-secondary a-size-base prodDetSectionEntry\" style=\"text-align: left;\">RAM</th>\r\n<td class=\"a-size-base\" style=\"text-align: right;\">8 GB LPDDR3</td>\r\n</tr>\r\n<tr>\r\n<th class=\"a-color-secondary a-size-base prodDetSectionEntry\" style=\"text-align: left;\">Memory Speed</th>\r\n<td class=\"a-size-base\" style=\"text-align: right;\">2133 GHz</td>\r\n</tr>\r\n<tr>\r\n<th class=\"a-color-secondary a-size-base prodDetSectionEntry\" style=\"text-align: left;\">Hard Drive</th>\r\n<td class=\"a-size-base\" style=\"text-align: right;\">256 GB 256GB PCIe SSD</td>\r\n</tr>\r\n<tr>\r\n<th class=\"a-color-secondary a-size-base prodDetSectionEntry\" style=\"text-align: left;\">Graphics Coprocessor</th>\r\n<td class=\"a-size-base\" style=\"text-align: right;\">NVIDIA GeForce 320M</td>\r\n</tr>\r\n<tr>\r\n<th class=\"a-color-secondary a-size-base prodDetSectionEntry\" style=\"text-align: left;\">Chipset Brand</th>\r\n<td class=\"a-size-base\" style=\"text-align: right;\">Intel</td>\r\n</tr>\r\n<tr>\r\n<th class=\"a-color-secondary a-size-base prodDetSectionEntry\" style=\"text-align: left;\">Wireless Type</th>\r\n<td class=\"a-size-base\" style=\"text-align: right;\">802.11b</td>\r\n</tr>\r\n</tbody>\r\n</table>\r\n<p>&nbsp;</p>\r\n<p>&nbsp;</p>', 'Ninth-generation 6-Core Intel Core i7 Processor\r\nStunning 16-inch Retina Display with True Tone technology\r\nTouch Bar and Touch ID\r\nAmd Radeon Pro 5300M Graphics with GDDR6 memory'),
(2, 2, 'id_ID', 'Oneplus 7 Pro GM1910 256GB, 8GB, Dual Sim, 6.67 inch, 48MP Main Lens Triple Camera', '<p>Oneplus 7 Pro GM1910 (China Model), DispIay Size: 6.67\", QHD+ AMOLED | ResoIution: 1440 x 3120 pixeIs | Type: AMOLED | Cover Glass: 3D Corning Gorilla, Triple Rear Camera: 48MP Main + 16MP Ultra Wide Angle + 8MP Telephoto . Memory: 256GB+8GB, Dual LED Flash, Video: 4K resolution at 30/60 fps | 1080p resolution at 30/60 fps | Super Slow Motion: 1080p videos at 240 fps | 720p video at 480 fps, Time-Lapse, Video Editor. Pop-up front camera: 16MP.<br />UnIocked ceII phones are compatible with GSM carrier such as AT&amp;T and T-Mobile, but are not compatible with CDMA carriers such as Verizon and Sprint.<br />PIease check if your GSM ceIIular carrier supports the bands for this model before purchasing, LTE may not be available in all areas: FDD LTE: Band B1/2/3/4/5/7/8/12/13/17/18/19/20/25/26/28/29/30/66/71, TDD-LTE: Band B34/38/39/41/46/48, UMTS(WCDMA): Band B1/2/4/5/8/9/19, CDMA: BC0/BC1, GSM: 850/900/1800/1900 MHz.<br />This device may not incIude a US warranty as some manufacturers do not honor warranties for internationaI items. PIease contact the seller for specific warranty information.<br />The box contains: Your new device, USB cabIe, Charger, CIear Case, Documentation.</p>', NULL),
(3, 3, 'id_ID', 'HP Spectre x360 2-in-1 15.6\" 4K Ultra HD Touch-Screen Laptop, Intel i7 8th Gen', '<p><span class=\"a-list-item\">LATEST 8TH GENERATION CPU: Intel Core i7-8500</span></p>\r\n<p>&nbsp;</p>\r\n<p><span class=\"a-list-item\">UNMATCHED PERFORMANCE:16 GB DDR4-2133 SDRAM (2 x 8 GB) of system memory for intense multitasking and gaming, smoothly run your graphics-heavy PC games and video-editing</span></p>\r\n<p>&nbsp;</p>\r\n<p><span class=\"a-list-item\">SUPERIOR SPEED and Advanced Wireless connectivity: Fast Data Access with 512GB solid state drive PCIe NVMe 4x3 Lane, a flash-based SSD with no moving parts, resulting in faster start-up times data access. Advanced Wireless Connectivity: Intel 802.11ac (2x2) Wi-Fi and Bluetooth 4.2 Combo</span></p>\r\n<p>&nbsp;</p>\r\n<p><strong><span style=\"text-decoration: underline;\"><span class=\"a-list-item\">Specification:</span></span></strong></p>\r\n<table id=\"productDetails_techSpec_section_1\" class=\"a-keyvalue prodDetTable\" role=\"presentation\">\r\n<tbody>\r\n<tr>\r\n<th class=\"a-color-secondary a-size-base prodDetSectionEntry\" style=\"text-align: left;\">Screen Size</th>\r\n<td class=\"a-size-base\" style=\"text-align: right;\">15.6 inches</td>\r\n</tr>\r\n<tr>\r\n<th class=\"a-color-secondary a-size-base prodDetSectionEntry\" style=\"text-align: left;\">Screen Resolution</th>\r\n<td class=\"a-size-base\" style=\"text-align: right;\">3840 x 2160</td>\r\n</tr>\r\n<tr>\r\n<th class=\"a-color-secondary a-size-base prodDetSectionEntry\" style=\"text-align: left;\">Max Screen Resolution</th>\r\n<td class=\"a-size-base\" style=\"text-align: right;\">3840 x 2160</td>\r\n</tr>\r\n<tr>\r\n<th class=\"a-color-secondary a-size-base prodDetSectionEntry\" style=\"text-align: left;\">Processor</th>\r\n<td class=\"a-size-base\" style=\"text-align: right;\">1.8 GHz Intel Core i7</td>\r\n</tr>\r\n<tr>\r\n<th class=\"a-color-secondary a-size-base prodDetSectionEntry\" style=\"text-align: left;\">RAM</th>\r\n<td class=\"a-size-base\" style=\"text-align: right;\">16 GB DDR</td>\r\n</tr>\r\n<tr>\r\n<th class=\"a-color-secondary a-size-base prodDetSectionEntry\" style=\"text-align: left;\">Memory Speed</th>\r\n<td class=\"a-size-base\" style=\"text-align: right;\">2400 MHz</td>\r\n</tr>\r\n<tr>\r\n<th class=\"a-color-secondary a-size-base prodDetSectionEntry\" style=\"text-align: left;\">Hard Drive</th>\r\n<td class=\"a-size-base\" style=\"text-align: right;\">512 GB SSD</td>\r\n</tr>\r\n<tr>\r\n<th class=\"a-color-secondary a-size-base prodDetSectionEntry\" style=\"text-align: left;\">Graphics Coprocessor</th>\r\n<td class=\"a-size-base\" style=\"text-align: right;\">NVIDIA GeForce MX150</td>\r\n</tr>\r\n<tr>\r\n<th class=\"a-color-secondary a-size-base prodDetSectionEntry\" style=\"text-align: left;\">Chipset Brand</th>\r\n<td class=\"a-size-base\" style=\"text-align: right;\">NVIDIA</td>\r\n</tr>\r\n<tr>\r\n<th class=\"a-color-secondary a-size-base prodDetSectionEntry\" style=\"text-align: left;\">Card Description</th>\r\n<td class=\"a-size-base\" style=\"text-align: right;\">Dedicated</td>\r\n</tr>\r\n<tr>\r\n<th class=\"a-color-secondary a-size-base prodDetSectionEntry\" style=\"text-align: left;\">Graphics Card Ram Size</th>\r\n<td class=\"a-size-base\" style=\"text-align: right;\">2 GB</td>\r\n</tr>\r\n<tr>\r\n<th class=\"a-color-secondary a-size-base prodDetSectionEntry\" style=\"text-align: left;\">Wireless Type</th>\r\n<td class=\"a-size-base\" style=\"text-align: right;\">802.11ac</td>\r\n</tr>\r\n<tr>\r\n<th class=\"a-color-secondary a-size-base prodDetSectionEntry\" style=\"text-align: left;\">Average Battery Life (in hours)</th>\r\n<td class=\"a-size-base\" style=\"text-align: right;\">13 hours</td>\r\n</tr>\r\n</tbody>\r\n</table>', NULL),
(4, 4, 'id_ID', 'test asdasdasd', '<p>asdasdsa</p>', NULL);

-- --------------------------------------------------------

--
-- Table structure for table `related_products`
--

CREATE TABLE `related_products` (
  `product_id` int UNSIGNED NOT NULL,
  `related_product_id` int UNSIGNED NOT NULL
) ENGINE=InnoDB DEFAULT CHARSET=utf8mb4 COLLATE=utf8mb4_unicode_ci;

-- --------------------------------------------------------

--
-- Table structure for table `reminders`
--

CREATE TABLE `reminders` (
  `id` int UNSIGNED NOT NULL,
  `user_id` int UNSIGNED NOT NULL,
  `code` varchar(191) CHARACTER SET utf8mb4 COLLATE utf8mb4_unicode_ci NOT NULL,
  `completed` tinyint(1) NOT NULL DEFAULT '0',
  `completed_at` datetime DEFAULT NULL,
  `created_at` timestamp NULL DEFAULT NULL,
  `updated_at` timestamp NULL DEFAULT NULL
) ENGINE=InnoDB DEFAULT CHARSET=utf8mb4 COLLATE=utf8mb4_unicode_ci;

-- --------------------------------------------------------

--
-- Table structure for table `reviews`
--

CREATE TABLE `reviews` (
  `id` int UNSIGNED NOT NULL,
  `reviewer_id` int UNSIGNED DEFAULT NULL,
  `product_id` int UNSIGNED NOT NULL,
  `rating` int NOT NULL,
  `reviewer_name` varchar(191) CHARACTER SET utf8mb4 COLLATE utf8mb4_unicode_ci NOT NULL,
  `comment` text CHARACTER SET utf8mb4 COLLATE utf8mb4_unicode_ci NOT NULL,
  `is_approved` tinyint(1) NOT NULL,
  `created_at` timestamp NULL DEFAULT NULL,
  `updated_at` timestamp NULL DEFAULT NULL
) ENGINE=InnoDB DEFAULT CHARSET=utf8mb4 COLLATE=utf8mb4_unicode_ci;

-- --------------------------------------------------------

--
-- Table structure for table `roles`
--

CREATE TABLE `roles` (
  `id` int UNSIGNED NOT NULL,
  `permissions` text CHARACTER SET utf8mb4 COLLATE utf8mb4_unicode_ci,
  `created_at` timestamp NULL DEFAULT NULL,
  `updated_at` timestamp NULL DEFAULT NULL
) ENGINE=InnoDB DEFAULT CHARSET=utf8mb4 COLLATE=utf8mb4_unicode_ci;

--
-- Dumping data for table `roles`
--

INSERT INTO `roles` (`id`, `permissions`, `created_at`, `updated_at`) VALUES
(1, '{\"admin.attributes.index\":true,\"admin.attributes.create\":true,\"admin.attributes.edit\":true,\"admin.attributes.destroy\":true,\"admin.attribute_sets.index\":true,\"admin.attribute_sets.create\":true,\"admin.attribute_sets.edit\":true,\"admin.attribute_sets.destroy\":true,\"admin.brands.index\":true,\"admin.brands.create\":true,\"admin.brands.edit\":true,\"admin.brands.destroy\":true,\"admin.categories.index\":true,\"admin.categories.create\":true,\"admin.categories.edit\":true,\"admin.categories.destroy\":true,\"admin.coupons.index\":true,\"admin.coupons.create\":true,\"admin.coupons.edit\":true,\"admin.coupons.destroy\":true,\"admin.currency_rates.index\":true,\"admin.currency_rates.edit\":true,\"admin.flash_sales.index\":true,\"admin.flash_sales.create\":true,\"admin.flash_sales.edit\":true,\"admin.flash_sales.destroy\":true,\"admin.importer.index\":true,\"admin.importer.create\":true,\"admin.media.index\":true,\"admin.media.create\":true,\"admin.media.destroy\":true,\"admin.menus.index\":true,\"admin.menus.create\":true,\"admin.menus.edit\":true,\"admin.menus.destroy\":true,\"admin.menu_items.index\":true,\"admin.menu_items.create\":true,\"admin.menu_items.edit\":true,\"admin.menu_items.destroy\":true,\"admin.options.index\":true,\"admin.options.create\":true,\"admin.options.edit\":true,\"admin.options.destroy\":true,\"admin.orders.index\":true,\"admin.orders.show\":true,\"admin.orders.edit\":true,\"admin.pages.index\":true,\"admin.pages.create\":true,\"admin.pages.edit\":true,\"admin.pages.destroy\":true,\"admin.products.index\":true,\"admin.products.create\":true,\"admin.products.edit\":true,\"admin.products.destroy\":true,\"admin.reports.index\":true,\"admin.reviews.index\":true,\"admin.reviews.edit\":true,\"admin.reviews.destroy\":true,\"admin.settings.edit\":true,\"admin.sliders.index\":true,\"admin.sliders.create\":true,\"admin.sliders.edit\":true,\"admin.sliders.destroy\":true,\"admin.tags.index\":true,\"admin.tags.create\":true,\"admin.tags.edit\":true,\"admin.tags.destroy\":true,\"admin.taxes.index\":true,\"admin.taxes.create\":true,\"admin.taxes.edit\":true,\"admin.taxes.destroy\":true,\"admin.transactions.index\":true,\"admin.translations.index\":true,\"admin.translations.edit\":true,\"admin.users.index\":true,\"admin.users.create\":true,\"admin.users.edit\":true,\"admin.users.destroy\":true,\"admin.roles.index\":true,\"admin.roles.create\":true,\"admin.roles.edit\":true,\"admin.roles.destroy\":true,\"admin.storefront.edit\":true}', '2023-07-13 11:39:59', '2023-07-14 15:07:38'),
(2, '[]', '2023-07-13 11:39:59', '2023-07-14 15:07:50');

-- --------------------------------------------------------

--
-- Table structure for table `role_translations`
--

CREATE TABLE `role_translations` (
  `id` int UNSIGNED NOT NULL,
  `role_id` int UNSIGNED NOT NULL,
  `locale` varchar(191) CHARACTER SET utf8mb4 COLLATE utf8mb4_unicode_ci NOT NULL,
  `name` varchar(191) CHARACTER SET utf8mb4 COLLATE utf8mb4_unicode_ci NOT NULL
) ENGINE=InnoDB DEFAULT CHARSET=utf8mb4 COLLATE=utf8mb4_unicode_ci;

--
-- Dumping data for table `role_translations`
--

INSERT INTO `role_translations` (`id`, `role_id`, `locale`, `name`) VALUES
(1, 1, 'en', 'Admin'),
(2, 2, 'en', 'Customer'),
(3, 1, 'id_ID', 'Admin'),
(4, 2, 'id_ID', 'Costumer');

-- --------------------------------------------------------

--
-- Table structure for table `search_terms`
--

CREATE TABLE `search_terms` (
  `id` int UNSIGNED NOT NULL,
  `term` varchar(191) CHARACTER SET utf8mb4 COLLATE utf8mb4_unicode_ci NOT NULL,
  `results` int UNSIGNED NOT NULL,
  `hits` int UNSIGNED NOT NULL DEFAULT '0',
  `created_at` timestamp NULL DEFAULT NULL,
  `updated_at` timestamp NULL DEFAULT NULL
) ENGINE=InnoDB DEFAULT CHARSET=utf8mb4 COLLATE=utf8mb4_unicode_ci;

--
-- Dumping data for table `search_terms`
--

INSERT INTO `search_terms` (`id`, `term`, `results`, `hits`, `created_at`, `updated_at`) VALUES
(1, 'macbook', 1, 2, '2023-07-14 14:14:52', '2023-07-15 04:19:16');

-- --------------------------------------------------------

--
-- Table structure for table `settings`
--

CREATE TABLE `settings` (
  `id` int UNSIGNED NOT NULL,
  `key` varchar(191) CHARACTER SET utf8mb4 COLLATE utf8mb4_unicode_ci NOT NULL,
  `is_translatable` tinyint(1) NOT NULL DEFAULT '0',
  `plain_value` text CHARACTER SET utf8mb4 COLLATE utf8mb4_unicode_ci,
  `created_at` timestamp NULL DEFAULT NULL,
  `updated_at` timestamp NULL DEFAULT NULL
) ENGINE=InnoDB DEFAULT CHARSET=utf8mb4 COLLATE=utf8mb4_unicode_ci;

--
-- Dumping data for table `settings`
--

INSERT INTO `settings` (`id`, `key`, `is_translatable`, `plain_value`, `created_at`, `updated_at`) VALUES
(1, 'store_name', 1, NULL, '2023-07-13 11:39:59', '2023-07-13 11:39:59'),
(2, 'store_email', 0, 's:21:\"admin@tokopakedi.test\";', '2023-07-13 11:39:59', '2023-07-14 06:47:25'),
(3, 'store_phone', 0, 's:12:\"085675785576\";', '2023-07-13 11:39:59', '2023-07-13 11:39:59'),
(4, 'search_engine', 0, 's:5:\"mysql\";', '2023-07-13 11:39:59', '2023-07-13 11:39:59'),
(5, 'algolia_app_id', 0, 'N;', '2023-07-13 11:39:59', '2023-07-13 11:39:59'),
(6, 'algolia_secret', 0, 'N;', '2023-07-13 11:39:59', '2023-07-13 11:39:59'),
(7, 'active_theme', 0, 's:10:\"Storefront\";', '2023-07-13 11:39:59', '2023-07-13 11:39:59'),
(8, 'supported_countries', 0, 'a:1:{i:0;s:2:\"ID\";}', '2023-07-13 11:39:59', '2023-07-13 17:41:29'),
(9, 'default_country', 0, 's:2:\"ID\";', '2023-07-13 11:39:59', '2023-07-13 17:41:29'),
(10, 'supported_locales', 0, 'a:2:{i:0;s:2:\"en\";i:1;s:5:\"id_ID\";}', '2023-07-13 11:39:59', '2023-07-13 17:41:29'),
(11, 'default_locale', 0, 's:5:\"id_ID\";', '2023-07-13 11:39:59', '2023-07-13 17:41:29'),
(12, 'default_timezone', 0, 's:12:\"Asia/Jakarta\";', '2023-07-13 11:39:59', '2023-07-13 17:41:29'),
(13, 'customer_role', 0, 's:1:\"2\";', '2023-07-13 11:39:59', '2023-07-13 17:41:29'),
(14, 'reviews_enabled', 0, 's:1:\"1\";', '2023-07-13 11:39:59', '2023-07-13 17:41:29'),
(15, 'auto_approve_reviews', 0, 's:1:\"1\";', '2023-07-13 11:39:59', '2023-07-13 17:41:29'),
(16, 'cookie_bar_enabled', 0, 's:1:\"1\";', '2023-07-13 11:39:59', '2023-07-13 17:41:29'),
(17, 'supported_currencies', 0, 'a:1:{i:0;s:3:\"IDR\";}', '2023-07-13 11:39:59', '2023-07-13 18:51:18'),
(18, 'default_currency', 0, 's:3:\"IDR\";', '2023-07-13 11:39:59', '2023-07-13 18:51:18'),
(19, 'send_order_invoice_email', 0, 'b:0;', '2023-07-13 11:39:59', '2023-07-13 11:39:59'),
(20, 'newsletter_enabled', 0, 's:1:\"0\";', '2023-07-13 11:39:59', '2023-07-13 17:41:29'),
(21, 'local_pickup_cost', 0, 's:5:\"20000\";', '2023-07-13 11:39:59', '2023-07-15 06:47:34'),
(22, 'flat_rate_cost', 0, 's:5:\"30000\";', '2023-07-13 11:39:59', '2023-07-15 06:47:57'),
(23, 'free_shipping_label', 1, NULL, '2023-07-13 11:39:59', '2023-07-13 11:39:59'),
(24, 'local_pickup_label', 1, NULL, '2023-07-13 11:39:59', '2023-07-13 11:39:59'),
(25, 'flat_rate_label', 1, NULL, '2023-07-13 11:39:59', '2023-07-13 11:39:59'),
(26, 'paypal_label', 1, NULL, '2023-07-13 11:39:59', '2023-07-13 11:39:59'),
(27, 'paypal_description', 1, NULL, '2023-07-13 11:39:59', '2023-07-13 11:39:59'),
(28, 'stripe_label', 1, NULL, '2023-07-13 11:39:59', '2023-07-13 11:39:59'),
(29, 'stripe_description', 1, NULL, '2023-07-13 11:39:59', '2023-07-13 11:39:59'),
(30, 'paytm_label', 1, NULL, '2023-07-13 11:39:59', '2023-07-13 11:39:59'),
(31, 'paytm_description', 1, NULL, '2023-07-13 11:39:59', '2023-07-13 11:39:59'),
(32, 'razorpay_label', 1, NULL, '2023-07-13 11:39:59', '2023-07-13 11:39:59'),
(33, 'razorpay_description', 1, NULL, '2023-07-13 11:39:59', '2023-07-13 11:39:59'),
(34, 'instamojo_label', 1, NULL, '2023-07-13 11:39:59', '2023-07-13 11:39:59'),
(35, 'instamojo_description', 1, NULL, '2023-07-13 11:39:59', '2023-07-13 11:39:59'),
(36, 'authorizenet_label', 1, NULL, '2023-07-13 11:39:59', '2023-07-13 11:39:59'),
(37, 'authorizenet_description', 1, NULL, '2023-07-13 11:39:59', '2023-07-13 11:39:59'),
(38, 'paystack_label', 1, NULL, '2023-07-13 11:39:59', '2023-07-13 11:39:59'),
(39, 'paystack_description', 1, NULL, '2023-07-13 11:39:59', '2023-07-13 11:39:59'),
(40, 'flutterwave_label', 1, NULL, '2023-07-13 11:39:59', '2023-07-13 11:39:59'),
(41, 'flutterwave_description', 1, NULL, '2023-07-13 11:39:59', '2023-07-13 11:39:59'),
(42, 'mercadopago_label', 1, NULL, '2023-07-13 11:39:59', '2023-07-13 11:39:59'),
(43, 'mercadopago_description', 1, NULL, '2023-07-13 11:39:59', '2023-07-13 11:39:59'),
(44, 'cod_label', 1, NULL, '2023-07-13 11:39:59', '2023-07-13 11:39:59'),
(45, 'cod_description', 1, NULL, '2023-07-13 11:39:59', '2023-07-13 11:39:59'),
(46, 'bank_transfer_label', 1, NULL, '2023-07-13 11:39:59', '2023-07-13 11:39:59'),
(47, 'bank_transfer_description', 1, NULL, '2023-07-13 11:39:59', '2023-07-13 11:39:59'),
(48, 'check_payment_label', 1, NULL, '2023-07-13 11:39:59', '2023-07-13 11:39:59'),
(49, 'check_payment_description', 1, NULL, '2023-07-13 11:39:59', '2023-07-13 11:39:59'),
(50, 'storefront_copyright_text', 1, 's:92:\"Copyright © <a href=\"{{ store_url }}\">{{ store_name }}</a> {{ year }}. All rights reserved.\";', '2023-07-13 11:39:59', '2023-07-14 05:16:13'),
(51, 'maintenance_mode', 0, 's:1:\"0\";', '2023-07-13 17:41:29', '2023-07-15 08:31:35'),
(52, 'store_tagline', 1, NULL, '2023-07-13 17:41:29', '2023-07-13 17:41:29'),
(53, 'bank_transfer_instructions', 1, NULL, '2023-07-13 17:41:29', '2023-07-13 17:41:29'),
(54, 'check_payment_instructions', 1, NULL, '2023-07-13 17:41:29', '2023-07-13 17:41:29'),
(55, 'store_address_1', 0, 'N;', '2023-07-13 17:41:29', '2023-07-13 17:41:29'),
(56, 'store_address_2', 0, 'N;', '2023-07-13 17:41:29', '2023-07-13 17:41:29'),
(57, 'store_city', 0, 'N;', '2023-07-13 17:41:29', '2023-07-13 17:41:29'),
(58, 'store_country', 0, 's:2:\"ID\";', '2023-07-13 17:41:29', '2023-07-14 01:49:31'),
(59, 'store_state', 0, 's:2:\"JB\";', '2023-07-13 17:41:29', '2023-07-14 01:49:31'),
(60, 'store_zip', 0, 's:5:\"16458\";', '2023-07-13 17:41:29', '2023-07-14 01:49:31'),
(61, 'store_phone_hide', 0, 's:1:\"0\";', '2023-07-13 17:41:29', '2023-07-13 17:41:29'),
(62, 'store_email_hide', 0, 's:1:\"0\";', '2023-07-13 17:41:29', '2023-07-13 17:41:29'),
(63, 'currency_rate_exchange_service', 0, 'N;', '2023-07-13 17:41:29', '2023-07-13 17:41:29'),
(64, 'fixer_access_key', 0, 's:6:\"123456\";', '2023-07-13 17:41:29', '2023-07-14 01:49:31'),
(65, 'forge_api_key', 0, 'N;', '2023-07-13 17:41:29', '2023-07-13 17:41:29'),
(66, 'currency_data_feed_api_key', 0, 'N;', '2023-07-13 17:41:29', '2023-07-13 17:41:29'),
(67, 'auto_refresh_currency_rates', 0, 's:1:\"0\";', '2023-07-13 17:41:29', '2023-07-13 17:41:29'),
(68, 'auto_refresh_currency_rate_frequency', 0, 's:5:\"daily\";', '2023-07-13 17:41:29', '2023-07-13 17:41:29'),
(69, 'sms_from', 0, 'N;', '2023-07-13 17:41:29', '2023-07-13 17:41:29'),
(70, 'sms_service', 0, 'N;', '2023-07-13 17:41:29', '2023-07-13 17:41:29'),
(71, 'vonage_key', 0, 'N;', '2023-07-13 17:41:29', '2023-07-13 17:41:29'),
(72, 'vonage_secret', 0, 'N;', '2023-07-13 17:41:29', '2023-07-13 17:41:29'),
(73, 'twilio_sid', 0, 'N;', '2023-07-13 17:41:29', '2023-07-13 17:41:29'),
(74, 'twilio_token', 0, 'N;', '2023-07-13 17:41:29', '2023-07-13 17:41:29'),
(75, 'welcome_sms', 0, 's:1:\"0\";', '2023-07-13 17:41:29', '2023-07-13 17:41:29'),
(76, 'new_order_admin_sms', 0, 's:1:\"0\";', '2023-07-13 17:41:29', '2023-07-13 17:41:29'),
(77, 'new_order_sms', 0, 's:1:\"0\";', '2023-07-13 17:41:29', '2023-07-13 17:41:29'),
(78, 'mail_from_address', 0, 'N;', '2023-07-13 17:41:29', '2023-07-13 17:41:29'),
(79, 'mail_from_name', 0, 'N;', '2023-07-13 17:41:29', '2023-07-13 17:41:29'),
(80, 'mail_host', 0, 'N;', '2023-07-13 17:41:29', '2023-07-13 17:41:29'),
(81, 'mail_port', 0, 'N;', '2023-07-13 17:41:29', '2023-07-13 17:41:29'),
(82, 'mail_username', 0, 'N;', '2023-07-13 17:41:29', '2023-07-13 17:41:29'),
(83, 'mail_password', 0, 'N;', '2023-07-13 17:41:29', '2023-07-13 17:41:29'),
(84, 'mail_encryption', 0, 'N;', '2023-07-13 17:41:29', '2023-07-13 17:41:29'),
(85, 'welcome_email', 0, 's:1:\"0\";', '2023-07-13 17:41:29', '2023-07-13 17:41:29'),
(86, 'admin_order_email', 0, 's:1:\"0\";', '2023-07-13 17:41:29', '2023-07-13 17:41:29'),
(87, 'invoice_email', 0, 's:1:\"0\";', '2023-07-13 17:41:29', '2023-07-13 17:41:29'),
(88, 'mailchimp_api_key', 0, 'N;', '2023-07-13 17:41:29', '2023-07-13 17:41:29'),
(89, 'mailchimp_list_id', 0, 'N;', '2023-07-13 17:41:29', '2023-07-13 17:41:29'),
(90, 'custom_header_assets', 0, 'N;', '2023-07-13 17:41:29', '2023-07-13 17:41:29'),
(91, 'custom_footer_assets', 0, 'N;', '2023-07-13 17:41:29', '2023-07-13 17:41:29'),
(92, 'facebook_login_enabled', 0, 's:1:\"0\";', '2023-07-13 17:41:29', '2023-07-13 17:41:29'),
(93, 'facebook_login_app_id', 0, 'N;', '2023-07-13 17:41:29', '2023-07-13 17:41:29'),
(94, 'facebook_login_app_secret', 0, 'N;', '2023-07-13 17:41:29', '2023-07-13 17:41:29'),
(95, 'google_login_enabled', 0, 's:1:\"0\";', '2023-07-13 17:41:29', '2023-07-13 17:41:29'),
(96, 'google_login_client_id', 0, 'N;', '2023-07-13 17:41:29', '2023-07-13 17:41:29'),
(97, 'google_login_client_secret', 0, 'N;', '2023-07-13 17:41:29', '2023-07-13 17:41:29'),
(98, 'free_shipping_enabled', 0, 's:1:\"1\";', '2023-07-13 17:41:29', '2023-07-15 06:47:17'),
(99, 'free_shipping_min_amount', 0, 's:6:\"100000\";', '2023-07-13 17:41:29', '2023-07-15 06:47:17'),
(100, 'local_pickup_enabled', 0, 's:1:\"1\";', '2023-07-13 17:41:30', '2023-07-15 06:47:34'),
(101, 'flat_rate_enabled', 0, 's:1:\"1\";', '2023-07-13 17:41:30', '2023-07-15 06:47:57'),
(102, 'paypal_enabled', 0, 's:1:\"0\";', '2023-07-13 17:41:30', '2023-07-13 17:41:30'),
(103, 'paypal_test_mode', 0, 's:1:\"0\";', '2023-07-13 17:41:30', '2023-07-13 17:41:30'),
(104, 'paypal_client_id', 0, 'N;', '2023-07-13 17:41:30', '2023-07-13 17:41:30'),
(105, 'paypal_secret', 0, 'N;', '2023-07-13 17:41:30', '2023-07-13 17:41:30'),
(106, 'stripe_enabled', 0, 's:1:\"0\";', '2023-07-13 17:41:30', '2023-07-13 17:41:30'),
(107, 'stripe_publishable_key', 0, 'N;', '2023-07-13 17:41:30', '2023-07-13 17:41:30'),
(108, 'stripe_secret_key', 0, 'N;', '2023-07-13 17:41:30', '2023-07-13 17:41:30'),
(109, 'paytm_enabled', 0, 's:1:\"0\";', '2023-07-13 17:41:30', '2023-07-13 17:41:30'),
(110, 'paytm_test_mode', 0, 's:1:\"0\";', '2023-07-13 17:41:30', '2023-07-13 17:41:30'),
(111, 'paytm_merchant_id', 0, 'N;', '2023-07-13 17:41:30', '2023-07-13 17:41:30'),
(112, 'paytm_merchant_key', 0, 'N;', '2023-07-13 17:41:30', '2023-07-13 17:41:30'),
(113, 'razorpay_enabled', 0, 's:1:\"0\";', '2023-07-13 17:41:30', '2023-07-13 17:41:30'),
(114, 'razorpay_key_id', 0, 'N;', '2023-07-13 17:41:30', '2023-07-13 17:41:30'),
(115, 'razorpay_key_secret', 0, 'N;', '2023-07-13 17:41:30', '2023-07-13 17:41:30'),
(116, 'instamojo_enabled', 0, 's:1:\"0\";', '2023-07-13 17:41:30', '2023-07-13 17:41:30'),
(117, 'instamojo_test_mode', 0, 's:1:\"0\";', '2023-07-13 17:41:30', '2023-07-13 17:41:30'),
(118, 'instamojo_api_key', 0, 'N;', '2023-07-13 17:41:30', '2023-07-13 17:41:30'),
(119, 'instamojo_auth_token', 0, 'N;', '2023-07-13 17:41:30', '2023-07-13 17:41:30'),
(120, 'paystack_enabled', 0, 's:1:\"0\";', '2023-07-13 17:41:30', '2023-07-13 17:41:30'),
(121, 'paystack_test_mode', 0, 's:1:\"0\";', '2023-07-13 17:41:30', '2023-07-13 17:41:30'),
(122, 'paystack_public_key', 0, 'N;', '2023-07-13 17:41:30', '2023-07-13 17:41:30'),
(123, 'paystack_secret_key', 0, 'N;', '2023-07-13 17:41:30', '2023-07-13 17:41:30'),
(124, 'authorizenet_enabled', 0, 's:1:\"0\";', '2023-07-13 17:41:30', '2023-07-13 17:41:30'),
(125, 'authorizenet_test_mode', 0, 's:1:\"0\";', '2023-07-13 17:41:30', '2023-07-13 17:41:30'),
(126, 'authorizenet_merchant_login_id', 0, 'N;', '2023-07-13 17:41:30', '2023-07-13 17:41:30'),
(127, 'authorizenet_merchant_transaction_key', 0, 'N;', '2023-07-13 17:41:30', '2023-07-13 17:41:30'),
(128, 'mercadopago_enabled', 0, 's:1:\"0\";', '2023-07-13 17:41:30', '2023-07-13 17:41:30'),
(129, 'mercadopago_test_mode', 0, 's:1:\"0\";', '2023-07-13 17:41:30', '2023-07-13 17:41:30'),
(130, 'mercadopago_supported_currency', 0, 's:3:\"UYU\";', '2023-07-13 17:41:30', '2023-07-13 17:41:30'),
(131, 'mercadopago_public_key', 0, 'N;', '2023-07-13 17:41:30', '2023-07-13 17:41:30'),
(132, 'mercadopago_access_token', 0, 'N;', '2023-07-13 17:41:30', '2023-07-13 17:41:30'),
(133, 'flutterwave_enabled', 0, 's:1:\"0\";', '2023-07-13 17:41:30', '2023-07-13 17:41:30'),
(134, 'flutterwave_test_mode', 0, 's:1:\"0\";', '2023-07-13 17:41:30', '2023-07-13 17:41:30'),
(135, 'flutterwave_public_key', 0, 'N;', '2023-07-13 17:41:30', '2023-07-13 17:41:30'),
(136, 'flutterwave_secret_key', 0, 'N;', '2023-07-13 17:41:30', '2023-07-13 17:41:30'),
(137, 'flutterwave_encryption_key', 0, 'N;', '2023-07-13 17:41:30', '2023-07-13 17:41:30'),
(138, 'cod_enabled', 0, 's:1:\"1\";', '2023-07-13 17:41:30', '2023-07-15 04:42:16'),
(139, 'bank_transfer_enabled', 0, 's:1:\"1\";', '2023-07-13 17:41:30', '2023-07-15 04:43:11'),
(140, 'check_payment_enabled', 0, 's:1:\"0\";', '2023-07-13 17:41:30', '2023-07-13 17:41:30'),
(141, 'sms_order_statuses', 0, 'N;', '2023-07-13 17:41:30', '2023-07-13 17:41:30'),
(142, 'email_order_statuses', 0, 'N;', '2023-07-13 17:41:30', '2023-07-13 17:41:30'),
(143, 'storefront_welcome_text', 1, NULL, '2023-07-14 05:16:13', '2023-07-14 05:16:13'),
(144, 'storefront_address', 1, NULL, '2023-07-14 05:16:13', '2023-07-14 05:16:13'),
(145, 'storefront_navbar_text', 1, NULL, '2023-07-14 05:16:13', '2023-07-14 05:16:13'),
(146, 'storefront_footer_menu_one_title', 1, NULL, '2023-07-14 05:16:13', '2023-07-14 05:16:13'),
(147, 'storefront_footer_menu_two_title', 1, NULL, '2023-07-14 05:16:13', '2023-07-14 05:16:13'),
(148, 'storefront_feature_1_title', 1, NULL, '2023-07-14 05:16:13', '2023-07-14 05:16:13'),
(149, 'storefront_feature_1_subtitle', 1, NULL, '2023-07-14 05:16:13', '2023-07-14 05:16:13'),
(150, 'storefront_feature_2_title', 1, NULL, '2023-07-14 05:16:13', '2023-07-14 05:16:13'),
(151, 'storefront_feature_2_subtitle', 1, NULL, '2023-07-14 05:16:13', '2023-07-14 05:16:13'),
(152, 'storefront_feature_3_title', 1, NULL, '2023-07-14 05:16:13', '2023-07-14 05:16:13'),
(153, 'storefront_feature_3_subtitle', 1, NULL, '2023-07-14 05:16:13', '2023-07-14 05:16:13'),
(154, 'storefront_feature_4_title', 1, NULL, '2023-07-14 05:16:13', '2023-07-14 05:16:13'),
(155, 'storefront_feature_4_subtitle', 1, NULL, '2023-07-14 05:16:13', '2023-07-14 05:16:13'),
(156, 'storefront_feature_5_title', 1, NULL, '2023-07-14 05:16:13', '2023-07-14 05:16:13'),
(157, 'storefront_feature_5_subtitle', 1, NULL, '2023-07-14 05:16:13', '2023-07-14 05:16:13'),
(158, 'storefront_product_page_banner_file_id', 1, NULL, '2023-07-14 05:16:13', '2023-07-14 05:16:13'),
(159, 'storefront_slider_banner_1_file_id', 1, NULL, '2023-07-14 05:16:13', '2023-07-14 05:16:13'),
(160, 'storefront_slider_banner_2_file_id', 1, NULL, '2023-07-14 05:16:13', '2023-07-14 05:16:13'),
(161, 'storefront_three_column_full_width_banners_1_file_id', 1, NULL, '2023-07-14 05:16:13', '2023-07-14 05:16:13'),
(162, 'storefront_three_column_full_width_banners_2_file_id', 1, NULL, '2023-07-14 05:16:13', '2023-07-14 05:16:13'),
(163, 'storefront_three_column_full_width_banners_3_file_id', 1, NULL, '2023-07-14 05:16:13', '2023-07-14 05:16:13'),
(164, 'storefront_featured_categories_section_title', 1, NULL, '2023-07-14 05:16:13', '2023-07-14 05:16:13'),
(165, 'storefront_featured_categories_section_subtitle', 1, NULL, '2023-07-14 05:16:13', '2023-07-14 05:16:13'),
(166, 'storefront_product_tabs_1_section_tab_1_title', 1, NULL, '2023-07-14 05:16:13', '2023-07-14 05:16:13'),
(167, 'storefront_product_tabs_1_section_tab_2_title', 1, NULL, '2023-07-14 05:16:13', '2023-07-14 05:16:13'),
(168, 'storefront_product_tabs_1_section_tab_3_title', 1, NULL, '2023-07-14 05:16:13', '2023-07-14 05:16:13'),
(169, 'storefront_product_tabs_1_section_tab_4_title', 1, NULL, '2023-07-14 05:16:13', '2023-07-14 05:16:13'),
(170, 'storefront_two_column_banners_1_file_id', 1, NULL, '2023-07-14 05:16:13', '2023-07-14 05:16:13'),
(171, 'storefront_two_column_banners_2_file_id', 1, NULL, '2023-07-14 05:16:13', '2023-07-14 05:16:13'),
(172, 'storefront_product_grid_section_tab_1_title', 1, NULL, '2023-07-14 05:16:13', '2023-07-14 05:16:13'),
(173, 'storefront_product_grid_section_tab_2_title', 1, NULL, '2023-07-14 05:16:13', '2023-07-14 05:16:13'),
(174, 'storefront_product_grid_section_tab_3_title', 1, NULL, '2023-07-14 05:16:13', '2023-07-14 05:16:13'),
(175, 'storefront_product_grid_section_tab_4_title', 1, NULL, '2023-07-14 05:16:13', '2023-07-14 05:16:13'),
(176, 'storefront_three_column_banners_1_file_id', 1, NULL, '2023-07-14 05:16:13', '2023-07-14 05:16:13'),
(177, 'storefront_three_column_banners_2_file_id', 1, NULL, '2023-07-14 05:16:13', '2023-07-14 05:16:13'),
(178, 'storefront_three_column_banners_3_file_id', 1, NULL, '2023-07-14 05:16:13', '2023-07-14 05:16:13'),
(179, 'storefront_product_tabs_2_section_title', 1, NULL, '2023-07-14 05:16:13', '2023-07-14 05:16:13'),
(180, 'storefront_product_tabs_2_section_tab_1_title', 1, NULL, '2023-07-14 05:16:13', '2023-07-14 05:16:13'),
(181, 'storefront_product_tabs_2_section_tab_2_title', 1, NULL, '2023-07-14 05:16:13', '2023-07-14 05:16:13'),
(182, 'storefront_product_tabs_2_section_tab_3_title', 1, NULL, '2023-07-14 05:16:13', '2023-07-14 05:16:13'),
(183, 'storefront_product_tabs_2_section_tab_4_title', 1, NULL, '2023-07-14 05:16:13', '2023-07-14 05:16:13'),
(184, 'storefront_one_column_banner_file_id', 1, NULL, '2023-07-14 05:16:13', '2023-07-14 05:16:13'),
(185, 'storefront_theme_color', 0, 's:5:\"green\";', '2023-07-14 05:16:13', '2023-07-14 14:10:32'),
(186, 'storefront_custom_theme_color', 0, 's:7:\"#000000\";', '2023-07-14 05:16:13', '2023-07-14 05:16:13'),
(187, 'storefront_mail_theme_color', 0, 's:5:\"green\";', '2023-07-14 05:16:13', '2023-07-14 07:31:30'),
(188, 'storefront_custom_mail_theme_color', 0, 's:7:\"#04f000\";', '2023-07-14 05:16:13', '2023-07-14 07:31:15'),
(189, 'storefront_slider', 0, 's:1:\"1\";', '2023-07-14 05:16:13', '2023-07-14 05:16:13'),
(190, 'storefront_terms_page', 0, 's:1:\"2\";', '2023-07-14 05:16:13', '2023-07-14 16:37:00'),
(191, 'storefront_privacy_page', 0, 's:1:\"1\";', '2023-07-14 05:16:13', '2023-07-14 16:37:00'),
(192, 'storefront_most_searched_keywords_enabled', 0, 's:1:\"1\";', '2023-07-14 05:16:13', '2023-07-14 16:37:00'),
(193, 'storefront_primary_menu', 0, 's:1:\"1\";', '2023-07-14 05:16:13', '2023-07-14 14:13:50'),
(194, 'storefront_category_menu', 0, 's:1:\"2\";', '2023-07-14 05:16:13', '2023-07-14 14:27:41'),
(195, 'storefront_footer_menu_one', 0, 's:1:\"3\";', '2023-07-14 05:16:13', '2023-07-15 03:14:58'),
(196, 'storefront_footer_menu_two', 0, 's:1:\"4\";', '2023-07-14 05:16:13', '2023-07-15 03:14:58'),
(197, 'storefront_features_section_enabled', 0, 's:1:\"1\";', '2023-07-14 05:16:13', '2023-07-14 16:40:46'),
(198, 'storefront_feature_1_icon', 0, 's:17:\"las la-headphones\";', '2023-07-14 05:16:13', '2023-07-14 16:40:46'),
(199, 'storefront_feature_2_icon', 0, 's:18:\"las la-credit-card\";', '2023-07-14 05:16:13', '2023-07-14 16:40:46'),
(200, 'storefront_feature_3_icon', 0, 's:17:\"las la-shield-alt\";', '2023-07-14 05:16:13', '2023-07-14 16:40:46'),
(201, 'storefront_feature_4_icon', 0, 's:12:\"las la-truck\";', '2023-07-14 05:16:13', '2023-07-14 16:40:46'),
(202, 'storefront_feature_5_icon', 0, 's:21:\"las la-calendar-minus\";', '2023-07-14 05:16:13', '2023-07-14 16:40:46'),
(203, 'storefront_product_page_banner_call_to_action_url', 0, 's:31:\"/categories/headphones/products\";', '2023-07-14 05:16:13', '2023-07-14 16:42:11'),
(204, 'storefront_product_page_banner_open_in_new_window', 0, 's:1:\"0\";', '2023-07-14 05:16:13', '2023-07-14 05:16:13'),
(205, 'storefront_facebook_link', 0, 'N;', '2023-07-14 05:16:13', '2023-07-14 05:16:13'),
(206, 'storefront_twitter_link', 0, 'N;', '2023-07-14 05:16:13', '2023-07-14 05:16:13'),
(207, 'storefront_instagram_link', 0, 'N;', '2023-07-14 05:16:13', '2023-07-14 05:16:13'),
(208, 'storefront_youtube_link', 0, 'N;', '2023-07-14 05:16:13', '2023-07-14 05:16:13'),
(209, 'storefront_slider_banner_1_call_to_action_url', 0, 's:30:\"/categories/backpacks/products\";', '2023-07-14 05:16:13', '2023-07-14 06:23:14'),
(210, 'storefront_slider_banner_1_open_in_new_window', 0, 's:1:\"0\";', '2023-07-14 05:16:13', '2023-07-14 05:16:13'),
(211, 'storefront_slider_banner_2_call_to_action_url', 0, 's:27:\"/categories/iphone/products\";', '2023-07-14 05:16:13', '2023-07-14 06:23:14'),
(212, 'storefront_slider_banner_2_open_in_new_window', 0, 's:1:\"0\";', '2023-07-14 05:16:13', '2023-07-14 05:16:13'),
(213, 'storefront_three_column_full_width_banners_enabled', 0, 's:1:\"1\";', '2023-07-14 05:16:13', '2023-07-14 16:45:41'),
(214, 'storefront_three_column_full_width_banners_1_call_to_action_url', 0, 's:36:\"/categories/home-appliances/products\";', '2023-07-14 05:16:13', '2023-07-14 16:45:41'),
(215, 'storefront_three_column_full_width_banners_1_open_in_new_window', 0, 's:1:\"0\";', '2023-07-14 05:16:13', '2023-07-14 05:16:13'),
(216, 'storefront_three_column_full_width_banners_2_call_to_action_url', 0, 's:36:\"/categories/home-appliances/products\";', '2023-07-14 05:16:13', '2023-07-14 16:45:41'),
(217, 'storefront_three_column_full_width_banners_2_open_in_new_window', 0, 's:1:\"0\";', '2023-07-14 05:16:13', '2023-07-14 05:16:13'),
(218, 'storefront_three_column_full_width_banners_3_call_to_action_url', 0, 's:28:\"/categories/samsung/products\";', '2023-07-14 05:16:13', '2023-07-14 16:45:41'),
(219, 'storefront_three_column_full_width_banners_3_open_in_new_window', 0, 's:1:\"0\";', '2023-07-14 05:16:13', '2023-07-14 05:16:13'),
(220, 'storefront_featured_categories_section_enabled', 0, 's:1:\"1\";', '2023-07-14 05:16:13', '2023-07-14 16:51:11'),
(221, 'storefront_featured_categories_section_category_1_category_id', 0, 's:2:\"11\";', '2023-07-14 05:16:13', '2023-07-14 16:51:11'),
(222, 'storefront_featured_categories_section_category_1_product_type', 0, 's:17:\"category_products\";', '2023-07-14 05:16:13', '2023-07-14 16:51:11'),
(223, 'storefront_featured_categories_section_category_1_products_limit', 0, 'N;', '2023-07-14 05:16:13', '2023-07-14 05:16:13'),
(224, 'storefront_featured_categories_section_category_2_category_id', 0, 's:1:\"8\";', '2023-07-14 05:16:13', '2023-07-14 16:51:11'),
(225, 'storefront_featured_categories_section_category_2_product_type', 0, 's:17:\"category_products\";', '2023-07-14 05:16:13', '2023-07-14 16:51:11'),
(226, 'storefront_featured_categories_section_category_2_products_limit', 0, 'N;', '2023-07-14 05:16:13', '2023-07-14 05:16:13'),
(227, 'storefront_featured_categories_section_category_3_category_id', 0, 's:2:\"67\";', '2023-07-14 05:16:13', '2023-07-14 16:51:11'),
(228, 'storefront_featured_categories_section_category_3_product_type', 0, 's:17:\"category_products\";', '2023-07-14 05:16:13', '2023-07-14 16:51:11'),
(229, 'storefront_featured_categories_section_category_3_products_limit', 0, 'N;', '2023-07-14 05:16:13', '2023-07-14 05:16:13'),
(230, 'storefront_featured_categories_section_category_4_category_id', 0, 's:1:\"4\";', '2023-07-14 05:16:13', '2023-07-14 16:51:11'),
(231, 'storefront_featured_categories_section_category_4_product_type', 0, 's:17:\"category_products\";', '2023-07-14 05:16:13', '2023-07-14 16:51:11'),
(232, 'storefront_featured_categories_section_category_4_products_limit', 0, 'N;', '2023-07-14 05:16:13', '2023-07-14 05:16:13'),
(233, 'storefront_featured_categories_section_category_5_category_id', 0, 's:1:\"2\";', '2023-07-14 05:16:13', '2023-07-14 16:51:11'),
(234, 'storefront_featured_categories_section_category_5_product_type', 0, 's:17:\"category_products\";', '2023-07-14 05:16:13', '2023-07-14 16:51:11'),
(235, 'storefront_featured_categories_section_category_5_products_limit', 0, 'N;', '2023-07-14 05:16:13', '2023-07-14 05:16:13'),
(236, 'storefront_featured_categories_section_category_6_category_id', 0, 's:2:\"18\";', '2023-07-14 05:16:13', '2023-07-14 16:51:11'),
(237, 'storefront_featured_categories_section_category_6_product_type', 0, 's:17:\"category_products\";', '2023-07-14 05:16:13', '2023-07-14 16:51:11'),
(238, 'storefront_featured_categories_section_category_6_products_limit', 0, 'N;', '2023-07-14 05:16:13', '2023-07-14 05:16:13'),
(239, 'storefront_product_tabs_1_section_enabled', 0, 's:1:\"1\";', '2023-07-14 05:16:13', '2023-07-14 16:56:18'),
(240, 'storefront_product_tabs_1_section_tab_1_product_type', 0, 's:17:\"category_products\";', '2023-07-14 05:16:13', '2023-07-14 16:56:18'),
(241, 'storefront_product_tabs_1_section_tab_1_category_id', 0, 's:2:\"73\";', '2023-07-14 05:16:13', '2023-07-14 16:56:18'),
(242, 'storefront_product_tabs_1_section_tab_1_products_limit', 0, 'N;', '2023-07-14 05:16:13', '2023-07-14 05:16:13'),
(243, 'storefront_product_tabs_1_section_tab_2_product_type', 0, 's:17:\"category_products\";', '2023-07-14 05:16:13', '2023-07-14 16:56:18'),
(244, 'storefront_product_tabs_1_section_tab_2_category_id', 0, 's:2:\"19\";', '2023-07-14 05:16:13', '2023-07-14 16:56:18'),
(245, 'storefront_product_tabs_1_section_tab_2_products_limit', 0, 'N;', '2023-07-14 05:16:13', '2023-07-14 05:16:13'),
(246, 'storefront_product_tabs_1_section_tab_3_product_type', 0, 's:17:\"category_products\";', '2023-07-14 05:16:13', '2023-07-14 16:56:18'),
(247, 'storefront_product_tabs_1_section_tab_3_category_id', 0, 's:2:\"14\";', '2023-07-14 05:16:13', '2023-07-14 16:56:18'),
(248, 'storefront_product_tabs_1_section_tab_3_products_limit', 0, 'N;', '2023-07-14 05:16:13', '2023-07-14 05:16:13'),
(249, 'storefront_product_tabs_1_section_tab_4_product_type', 0, 's:17:\"category_products\";', '2023-07-14 05:16:13', '2023-07-14 16:56:18'),
(250, 'storefront_product_tabs_1_section_tab_4_category_id', 0, 's:1:\"6\";', '2023-07-14 05:16:13', '2023-07-14 16:56:18'),
(251, 'storefront_product_tabs_1_section_tab_4_products_limit', 0, 'N;', '2023-07-14 05:16:13', '2023-07-14 05:16:13'),
(252, 'storefront_top_brands_section_enabled', 0, 's:1:\"1\";', '2023-07-14 05:16:13', '2023-07-15 03:48:45'),
(253, 'storefront_flash_sale_and_vertical_products_section_enabled', 0, 's:1:\"0\";', '2023-07-14 05:16:13', '2023-07-14 05:16:13'),
(254, 'storefront_flash_sale_title', 0, 'N;', '2023-07-14 05:16:13', '2023-07-14 05:16:13'),
(255, 'storefront_active_flash_sale_campaign', 0, 'N;', '2023-07-14 05:16:13', '2023-07-14 05:16:13'),
(256, 'storefront_vertical_products_1_title', 0, 'N;', '2023-07-14 05:16:13', '2023-07-14 05:16:13'),
(257, 'storefront_vertical_products_1_product_type', 0, 'N;', '2023-07-14 05:16:13', '2023-07-14 05:16:13'),
(258, 'storefront_vertical_products_1_category_id', 0, 'N;', '2023-07-14 05:16:13', '2023-07-14 05:16:13'),
(259, 'storefront_vertical_products_1_products_limit', 0, 'N;', '2023-07-14 05:16:13', '2023-07-14 05:16:13'),
(260, 'storefront_vertical_products_2_title', 0, 'N;', '2023-07-14 05:16:13', '2023-07-14 05:16:13'),
(261, 'storefront_vertical_products_2_product_type', 0, 'N;', '2023-07-14 05:16:13', '2023-07-14 05:16:13'),
(262, 'storefront_vertical_products_2_category_id', 0, 'N;', '2023-07-14 05:16:13', '2023-07-14 05:16:13'),
(263, 'storefront_vertical_products_2_products_limit', 0, 'N;', '2023-07-14 05:16:13', '2023-07-14 05:16:13'),
(264, 'storefront_vertical_products_3_title', 0, 'N;', '2023-07-14 05:16:13', '2023-07-14 05:16:13'),
(265, 'storefront_vertical_products_3_product_type', 0, 'N;', '2023-07-14 05:16:13', '2023-07-14 05:16:13'),
(266, 'storefront_vertical_products_3_category_id', 0, 'N;', '2023-07-14 05:16:13', '2023-07-14 05:16:13'),
(267, 'storefront_vertical_products_3_products_limit', 0, 'N;', '2023-07-14 05:16:13', '2023-07-14 05:16:13'),
(268, 'storefront_two_column_banners_enabled', 0, 's:1:\"1\";', '2023-07-14 05:16:13', '2023-07-15 08:28:16'),
(269, 'storefront_two_column_banners_1_call_to_action_url', 0, 's:30:\"/categories/ultraslim/products\";', '2023-07-14 05:16:13', '2023-07-15 02:27:20'),
(270, 'storefront_two_column_banners_1_open_in_new_window', 0, 's:1:\"0\";', '2023-07-14 05:16:13', '2023-07-14 05:16:13'),
(271, 'storefront_two_column_banners_2_call_to_action_url', 0, 's:28:\"/categories/watches/products\";', '2023-07-14 05:16:13', '2023-07-15 02:27:20'),
(272, 'storefront_two_column_banners_2_open_in_new_window', 0, 's:1:\"0\";', '2023-07-14 05:16:13', '2023-07-14 05:16:13'),
(273, 'storefront_product_grid_section_enabled', 0, 's:1:\"1\";', '2023-07-14 05:16:13', '2023-07-15 02:43:33'),
(274, 'storefront_product_grid_section_tab_1_product_type', 0, 's:17:\"category_products\";', '2023-07-14 05:16:13', '2023-07-15 02:43:33'),
(275, 'storefront_product_grid_section_tab_1_category_id', 0, 's:1:\"8\";', '2023-07-14 05:16:13', '2023-07-15 02:43:33'),
(276, 'storefront_product_grid_section_tab_1_products_limit', 0, 'N;', '2023-07-14 05:16:13', '2023-07-14 05:16:13'),
(277, 'storefront_product_grid_section_tab_2_product_type', 0, 's:17:\"category_products\";', '2023-07-14 05:16:13', '2023-07-15 02:43:33'),
(278, 'storefront_product_grid_section_tab_2_category_id', 0, 's:1:\"2\";', '2023-07-14 05:16:13', '2023-07-15 02:43:33'),
(279, 'storefront_product_grid_section_tab_2_products_limit', 0, 'N;', '2023-07-14 05:16:13', '2023-07-14 05:16:13'),
(280, 'storefront_product_grid_section_tab_3_product_type', 0, 's:17:\"category_products\";', '2023-07-14 05:16:13', '2023-07-15 02:43:33'),
(281, 'storefront_product_grid_section_tab_3_category_id', 0, 's:2:\"11\";', '2023-07-14 05:16:13', '2023-07-15 02:43:33'),
(282, 'storefront_product_grid_section_tab_3_products_limit', 0, 'N;', '2023-07-14 05:16:13', '2023-07-14 05:16:13'),
(283, 'storefront_product_grid_section_tab_4_product_type', 0, 's:17:\"category_products\";', '2023-07-14 05:16:13', '2023-07-15 02:43:33'),
(284, 'storefront_product_grid_section_tab_4_category_id', 0, 's:2:\"67\";', '2023-07-14 05:16:13', '2023-07-15 02:43:33'),
(285, 'storefront_product_grid_section_tab_4_products_limit', 0, 'N;', '2023-07-14 05:16:13', '2023-07-14 05:16:13'),
(286, 'storefront_three_column_banners_enabled', 0, 's:1:\"1\";', '2023-07-14 05:16:13', '2023-07-15 02:46:22'),
(287, 'storefront_three_column_banners_1_call_to_action_url', 0, 's:36:\"/categories/home-appliances/products\";', '2023-07-14 05:16:13', '2023-07-15 02:45:56'),
(288, 'storefront_three_column_banners_1_open_in_new_window', 0, 's:1:\"0\";', '2023-07-14 05:16:13', '2023-07-14 05:16:13'),
(289, 'storefront_three_column_banners_2_call_to_action_url', 0, 's:39:\"/categories/mobile-accessories/products\";', '2023-07-14 05:16:13', '2023-07-15 02:45:56'),
(290, 'storefront_three_column_banners_2_open_in_new_window', 0, 's:1:\"0\";', '2023-07-14 05:16:13', '2023-07-14 05:16:13'),
(291, 'storefront_three_column_banners_3_call_to_action_url', 0, 's:28:\"/categories/gadgets/products\";', '2023-07-14 05:16:13', '2023-07-15 02:45:56'),
(292, 'storefront_three_column_banners_3_open_in_new_window', 0, 's:1:\"0\";', '2023-07-14 05:16:13', '2023-07-14 05:16:13'),
(293, 'storefront_product_tabs_2_section_enabled', 0, 's:1:\"1\";', '2023-07-14 05:16:13', '2023-07-15 02:54:17'),
(294, 'storefront_product_tabs_2_section_tab_1_product_type', 0, 's:15:\"latest_products\";', '2023-07-14 05:16:13', '2023-07-15 02:54:17'),
(295, 'storefront_product_tabs_2_section_tab_1_category_id', 0, 'N;', '2023-07-14 05:16:13', '2023-07-14 05:16:13'),
(296, 'storefront_product_tabs_2_section_tab_1_products_limit', 0, 'N;', '2023-07-14 05:16:13', '2023-07-14 05:16:13'),
(297, 'storefront_product_tabs_2_section_tab_2_product_type', 0, 's:24:\"recently_viewed_products\";', '2023-07-14 05:16:13', '2023-07-15 02:54:17'),
(298, 'storefront_product_tabs_2_section_tab_2_category_id', 0, 'N;', '2023-07-14 05:16:13', '2023-07-14 05:16:13'),
(299, 'storefront_product_tabs_2_section_tab_2_products_limit', 0, 'N;', '2023-07-14 05:16:13', '2023-07-14 05:16:13'),
(300, 'storefront_product_tabs_2_section_tab_3_product_type', 0, 's:17:\"category_products\";', '2023-07-14 05:16:13', '2023-07-15 02:54:17'),
(301, 'storefront_product_tabs_2_section_tab_3_category_id', 0, 's:1:\"7\";', '2023-07-14 05:16:13', '2023-07-15 02:54:17'),
(302, 'storefront_product_tabs_2_section_tab_3_products_limit', 0, 'N;', '2023-07-14 05:16:13', '2023-07-14 05:16:13'),
(303, 'storefront_product_tabs_2_section_tab_4_product_type', 0, 's:17:\"category_products\";', '2023-07-14 05:16:13', '2023-07-15 02:54:17'),
(304, 'storefront_product_tabs_2_section_tab_4_category_id', 0, 's:2:\"16\";', '2023-07-14 05:16:13', '2023-07-15 02:54:17'),
(305, 'storefront_product_tabs_2_section_tab_4_products_limit', 0, 'N;', '2023-07-14 05:16:13', '2023-07-14 05:16:13'),
(306, 'storefront_one_column_banner_enabled', 0, 's:1:\"1\";', '2023-07-14 05:16:13', '2023-07-15 02:55:18'),
(307, 'storefront_one_column_banner_call_to_action_url', 0, 's:36:\"/categories/home-appliances/products\";', '2023-07-14 05:16:13', '2023-07-15 02:55:18'),
(308, 'storefront_one_column_banner_open_in_new_window', 0, 's:1:\"1\";', '2023-07-14 05:16:13', '2023-07-15 02:55:18'),
(309, 'storefront_footer_tags', 0, 'N;', '2023-07-14 05:16:13', '2023-07-14 05:16:13'),
(310, 'storefront_featured_categories_section_category_1_products', 0, 'N;', '2023-07-14 05:16:13', '2023-07-14 05:16:13'),
(311, 'storefront_featured_categories_section_category_2_products', 0, 'N;', '2023-07-14 05:16:13', '2023-07-14 05:16:13'),
(312, 'storefront_featured_categories_section_category_3_products', 0, 'N;', '2023-07-14 05:16:13', '2023-07-14 05:16:13'),
(313, 'storefront_featured_categories_section_category_4_products', 0, 'N;', '2023-07-14 05:16:13', '2023-07-14 05:16:13'),
(314, 'storefront_featured_categories_section_category_5_products', 0, 'N;', '2023-07-14 05:16:13', '2023-07-14 05:16:13'),
(315, 'storefront_featured_categories_section_category_6_products', 0, 'N;', '2023-07-14 05:16:13', '2023-07-14 05:16:13'),
(316, 'storefront_product_tabs_1_section_tab_1_products', 0, 'N;', '2023-07-14 05:16:13', '2023-07-14 05:16:13'),
(317, 'storefront_product_tabs_1_section_tab_2_products', 0, 'N;', '2023-07-14 05:16:13', '2023-07-14 05:16:13'),
(318, 'storefront_product_tabs_1_section_tab_3_products', 0, 'N;', '2023-07-14 05:16:13', '2023-07-14 05:16:13'),
(319, 'storefront_product_tabs_1_section_tab_4_products', 0, 'N;', '2023-07-14 05:16:13', '2023-07-14 05:16:13'),
(320, 'storefront_top_brands', 0, 'a:18:{i:0;s:1:\"8\";i:1;s:1:\"7\";i:2;s:2:\"15\";i:3;s:1:\"1\";i:4;s:2:\"14\";i:5;s:1:\"6\";i:6;s:1:\"5\";i:7;s:1:\"3\";i:8;s:2:\"13\";i:9;s:2:\"10\";i:10;s:2:\"12\";i:11;s:1:\"9\";i:12;s:2:\"16\";i:13;s:2:\"18\";i:14;s:1:\"4\";i:15;s:2:\"11\";i:16;s:2:\"17\";i:17;s:1:\"2\";}', '2023-07-14 05:16:13', '2023-07-15 03:48:45'),
(321, 'storefront_vertical_products_1_products', 0, 'N;', '2023-07-14 05:16:13', '2023-07-14 05:16:13'),
(322, 'storefront_vertical_products_2_products', 0, 'N;', '2023-07-14 05:16:13', '2023-07-14 05:16:13'),
(323, 'storefront_vertical_products_3_products', 0, 'N;', '2023-07-14 05:16:13', '2023-07-14 05:16:13'),
(324, 'storefront_product_grid_section_tab_1_products', 0, 'N;', '2023-07-14 05:16:13', '2023-07-14 05:16:13'),
(325, 'storefront_product_grid_section_tab_2_products', 0, 'N;', '2023-07-14 05:16:13', '2023-07-14 05:16:13'),
(326, 'storefront_product_grid_section_tab_3_products', 0, 'N;', '2023-07-14 05:16:13', '2023-07-14 05:16:13'),
(327, 'storefront_product_grid_section_tab_4_products', 0, 'N;', '2023-07-14 05:16:13', '2023-07-14 05:16:13'),
(328, 'storefront_product_tabs_2_section_tab_1_products', 0, 'N;', '2023-07-14 05:16:13', '2023-07-14 05:16:13'),
(329, 'storefront_product_tabs_2_section_tab_2_products', 0, 'N;', '2023-07-14 05:16:13', '2023-07-14 05:16:13'),
(330, 'storefront_product_tabs_2_section_tab_3_products', 0, 'N;', '2023-07-14 05:16:13', '2023-07-14 05:16:13'),
(331, 'storefront_product_tabs_2_section_tab_4_products', 0, 'N;', '2023-07-14 05:16:13', '2023-07-14 05:16:13'),
(332, 'storefront_three_column_full_width_banners_background_file_id', 0, 's:2:\"33\";', '2023-07-14 16:45:41', '2023-07-14 16:45:41'),
(333, 'storefront_favicon', 0, 's:2:\"69\";', '2023-07-15 03:53:12', '2023-07-15 03:55:13'),
(334, 'storefront_header_logo', 1, NULL, '2023-07-15 04:00:13', '2023-07-15 04:00:13'),
(335, 'storefront_mail_logo', 1, NULL, '2023-07-15 04:01:08', '2023-07-15 04:01:08');

-- --------------------------------------------------------

--
-- Table structure for table `setting_translations`
--

CREATE TABLE `setting_translations` (
  `id` int UNSIGNED NOT NULL,
  `setting_id` int UNSIGNED NOT NULL,
  `locale` varchar(191) CHARACTER SET utf8mb4 COLLATE utf8mb4_unicode_ci NOT NULL,
  `value` longtext CHARACTER SET utf8mb4 COLLATE utf8mb4_unicode_ci
) ENGINE=InnoDB DEFAULT CHARSET=utf8mb4 COLLATE=utf8mb4_unicode_ci;

--
-- Dumping data for table `setting_translations`
--

INSERT INTO `setting_translations` (`id`, `setting_id`, `locale`, `value`) VALUES
(1, 1, 'en', 's:9:\"FleetCart\";'),
(2, 23, 'en', 's:13:\"Free Shipping\";'),
(3, 24, 'en', 's:12:\"Local Pickup\";'),
(4, 25, 'en', 's:9:\"Flat Rate\";'),
(5, 26, 'en', 's:6:\"PayPal\";'),
(6, 27, 'en', 's:28:\"Pay via your PayPal account.\";'),
(7, 28, 'en', 's:6:\"Stripe\";'),
(8, 29, 'en', 's:29:\"Pay via credit or debit card.\";'),
(9, 30, 'en', 's:5:\"Paytm\";'),
(10, 31, 'en', 's:103:\"The best payment gateway provider in India for e-payment through credit card, debit card & net banking.\";'),
(11, 32, 'en', 's:8:\"Razorpay\";'),
(12, 33, 'en', 's:74:\"Pay securely by Credit or Debit card or Internet Banking through Razorpay.\";'),
(13, 34, 'en', 's:9:\"Instamojo\";'),
(14, 35, 'en', 's:16:\"CC/DB/NB/Wallets\";'),
(15, 36, 'en', 's:13:\"Authorize.net\";'),
(16, 37, 'en', 's:33:\"Accept payments anytime, anywhere\";'),
(17, 38, 'en', 's:8:\"Paystack\";'),
(18, 39, 'en', 's:45:\"Modern online and offline payments for Africa\";'),
(19, 40, 'en', 's:11:\"Flutterwave\";'),
(20, 41, 'en', 's:40:\"Endless possibilities for every business\";'),
(21, 42, 'en', 's:12:\"Mercado Pago\";'),
(22, 43, 'en', 's:36:\"From now on, do more with your money\";'),
(23, 44, 'en', 's:16:\"Cash On Delivery\";'),
(24, 45, 'en', 's:28:\"Pay with cash upon delivery.\";'),
(25, 46, 'en', 's:13:\"Bank Transfer\";'),
(26, 47, 'en', 's:100:\"Make your payment directly into our bank account. Please use your Order ID as the payment reference.\";'),
(27, 48, 'en', 's:19:\"Check / Money Order\";'),
(28, 49, 'en', 's:33:\"Please send a check to our store.\";'),
(29, 52, 'en', 'N;'),
(30, 53, 'en', 'N;'),
(31, 54, 'en', 'N;'),
(32, 1, 'id_ID', 's:10:\"Tokopakedi\";'),
(33, 52, 'id_ID', 'N;'),
(34, 23, 'id_ID', 's:13:\"Gratis Ongkir\";'),
(35, 24, 'id_ID', 's:3:\"JNE\";'),
(36, 25, 'id_ID', 's:7:\"SiCepat\";'),
(37, 26, 'id_ID', 'N;'),
(38, 27, 'id_ID', 'N;'),
(39, 28, 'id_ID', 'N;'),
(40, 29, 'id_ID', 'N;'),
(41, 30, 'id_ID', 'N;'),
(42, 31, 'id_ID', 'N;'),
(43, 32, 'id_ID', 'N;'),
(44, 33, 'id_ID', 'N;'),
(45, 34, 'id_ID', 'N;'),
(46, 35, 'id_ID', 'N;'),
(47, 38, 'id_ID', 'N;'),
(48, 39, 'id_ID', 'N;'),
(49, 36, 'id_ID', 'N;'),
(50, 37, 'id_ID', 'N;'),
(51, 42, 'id_ID', 'N;'),
(52, 43, 'id_ID', 'N;'),
(53, 40, 'id_ID', 'N;'),
(54, 41, 'id_ID', 'N;'),
(55, 44, 'id_ID', 's:3:\"COD\";'),
(56, 45, 'id_ID', 's:21:\"Pembayaran dengan COD\";'),
(57, 46, 'id_ID', 's:13:\"Transfer Bank\";'),
(58, 47, 'id_ID', 's:31:\"Pembayaran dengan transfer bank\";'),
(59, 53, 'id_ID', 's:44:\"Transfer Ke\r\n7887568987 / Imron Reviady\r\nBCA\";'),
(60, 48, 'id_ID', 'N;'),
(61, 49, 'id_ID', 'N;'),
(62, 54, 'id_ID', 'N;'),
(63, 143, 'id_ID', 's:28:\"Selamat datang di Tokopakedi\";'),
(64, 144, 'id_ID', 's:16:\"Depok, Indonesia\";'),
(65, 145, 'id_ID', 's:33:\"Gratis ongkir khusus JABODETABEK!\";'),
(66, 146, 'id_ID', 's:12:\"Link Terkait\";'),
(67, 147, 'id_ID', 's:16:\"Hanya Untuk Anda\";'),
(68, 50, 'id_ID', 's:92:\"Copyright © <a href=\"{{ store_url }}\">{{ store_name }}</a> {{ year }}. All rights reserved.\";'),
(69, 148, 'id_ID', 's:12:\"24/7 SUPPORT\";'),
(70, 149, 'id_ID', 's:16:\"Customer service\";'),
(71, 150, 'id_ID', 's:10:\"PEMBAYARAN\";'),
(72, 151, 'id_ID', 's:17:\"COD, Kartu Kredit\";'),
(73, 152, 'id_ID', 's:15:\"PEMBAYARAN AMAN\";'),
(74, 153, 'id_ID', 's:9:\"100% aman\";'),
(75, 154, 'id_ID', 's:13:\"GRATIS ONGKIR\";'),
(76, 155, 'id_ID', 's:26:\"Pesanan dibawah Rp 100.000\";'),
(77, 156, 'id_ID', 's:15:\"GARANSI 30 HARI\";'),
(78, 157, 'id_ID', 's:17:\"Uang anda kembali\";'),
(79, 158, 'id_ID', 's:2:\"32\";'),
(80, 159, 'id_ID', 's:1:\"5\";'),
(81, 160, 'id_ID', 's:1:\"4\";'),
(82, 161, 'id_ID', 's:2:\"35\";'),
(83, 162, 'id_ID', 's:2:\"34\";'),
(84, 163, 'id_ID', 's:2:\"36\";'),
(85, 164, 'id_ID', 's:30:\"Top Kategori yang Sedang Trand\";'),
(86, 165, 'id_ID', 's:62:\"Bulan lalu lebih dari 15000+ produk terjual dari kategori ini.\";'),
(87, 166, 'id_ID', 's:8:\"Featured\";'),
(88, 167, 'id_ID', 's:7:\"Spesial\";'),
(89, 168, 'id_ID', 's:12:\"Masih Hangat\";'),
(90, 169, 'id_ID', 's:7:\"Terbaru\";'),
(91, 170, 'id_ID', 's:2:\"38\";'),
(92, 171, 'id_ID', 's:2:\"37\";'),
(93, 172, 'id_ID', 's:9:\"Handphone\";'),
(94, 173, 'id_ID', 's:7:\"Fashion\";'),
(95, 174, 'id_ID', 's:6:\"Laptop\";'),
(96, 175, 'id_ID', 's:6:\"Tablet\";'),
(97, 176, 'id_ID', 's:2:\"40\";'),
(98, 177, 'id_ID', 's:2:\"39\";'),
(99, 178, 'id_ID', 's:2:\"41\";'),
(100, 179, 'id_ID', 's:16:\"Hot Best Sellers\";'),
(101, 180, 'id_ID', 's:14:\"Produk Terbaru\";'),
(102, 181, 'id_ID', 's:16:\"Terakhir Dilihat\";'),
(103, 182, 'id_ID', 's:7:\"On Sale\";'),
(104, 183, 'id_ID', 's:11:\"Paling Laku\";'),
(105, 184, 'id_ID', 's:2:\"42\";'),
(106, 334, 'id_ID', 's:2:\"70\";'),
(107, 335, 'id_ID', 's:2:\"70\";');

-- --------------------------------------------------------

--
-- Table structure for table `sliders`
--

CREATE TABLE `sliders` (
  `id` int UNSIGNED NOT NULL,
  `speed` int DEFAULT NULL,
  `autoplay` tinyint(1) DEFAULT NULL,
  `autoplay_speed` int DEFAULT NULL,
  `fade` tinyint(1) NOT NULL DEFAULT '0',
  `dots` tinyint(1) DEFAULT NULL,
  `arrows` tinyint(1) DEFAULT NULL,
  `created_at` timestamp NULL DEFAULT NULL,
  `updated_at` timestamp NULL DEFAULT NULL
) ENGINE=InnoDB DEFAULT CHARSET=utf8mb4 COLLATE=utf8mb4_unicode_ci;

--
-- Dumping data for table `sliders`
--

INSERT INTO `sliders` (`id`, `speed`, `autoplay`, `autoplay_speed`, `fade`, `dots`, `arrows`, `created_at`, `updated_at`) VALUES
(1, 1000, 1, 5000, 0, 1, 1, '2023-07-14 05:04:18', '2023-07-14 05:04:18');

-- --------------------------------------------------------

--
-- Table structure for table `slider_slides`
--

CREATE TABLE `slider_slides` (
  `id` int UNSIGNED NOT NULL,
  `slider_id` int UNSIGNED NOT NULL,
  `options` text CHARACTER SET utf8mb4 COLLATE utf8mb4_unicode_ci,
  `call_to_action_url` varchar(191) CHARACTER SET utf8mb4 COLLATE utf8mb4_unicode_ci DEFAULT NULL,
  `open_in_new_window` tinyint(1) DEFAULT NULL,
  `position` int DEFAULT NULL,
  `created_at` timestamp NULL DEFAULT NULL,
  `updated_at` timestamp NULL DEFAULT NULL
) ENGINE=InnoDB DEFAULT CHARSET=utf8mb4 COLLATE=utf8mb4_unicode_ci;

--
-- Dumping data for table `slider_slides`
--

INSERT INTO `slider_slides` (`id`, `slider_id`, `options`, `call_to_action_url`, `open_in_new_window`, `position`, `created_at`, `updated_at`) VALUES
(1, 1, '{\"caption_1\":{\"delay\":null,\"effect\":\"fadeInUp\"},\"caption_2\":{\"delay\":null,\"effect\":\"fadeInUp\"},\"call_to_action\":{\"delay\":null,\"effect\":\"fadeInUp\"}}', '#', 1, 0, '2023-07-14 05:04:18', '2023-07-14 05:07:30'),
(2, 1, '{\"caption_1\":{\"delay\":null,\"effect\":\"fadeInUp\"},\"caption_2\":{\"delay\":null,\"effect\":\"fadeInUp\"},\"call_to_action\":{\"delay\":null,\"effect\":\"fadeInUp\"}}', '#', 0, 1, '2023-07-14 05:11:53', '2023-07-14 05:11:53');

-- --------------------------------------------------------

--
-- Table structure for table `slider_slide_translations`
--

CREATE TABLE `slider_slide_translations` (
  `id` int UNSIGNED NOT NULL,
  `slider_slide_id` int UNSIGNED NOT NULL,
  `locale` varchar(191) CHARACTER SET utf8mb4 COLLATE utf8mb4_unicode_ci NOT NULL,
  `file_id` int UNSIGNED DEFAULT NULL,
  `caption_1` varchar(191) CHARACTER SET utf8mb4 COLLATE utf8mb4_unicode_ci DEFAULT NULL,
  `caption_2` varchar(191) CHARACTER SET utf8mb4 COLLATE utf8mb4_unicode_ci DEFAULT NULL,
  `call_to_action_text` varchar(191) CHARACTER SET utf8mb4 COLLATE utf8mb4_unicode_ci DEFAULT NULL,
  `direction` varchar(191) CHARACTER SET utf8mb4 COLLATE utf8mb4_unicode_ci DEFAULT NULL
) ENGINE=InnoDB DEFAULT CHARSET=utf8mb4 COLLATE=utf8mb4_unicode_ci;

--
-- Dumping data for table `slider_slide_translations`
--

INSERT INTO `slider_slide_translations` (`id`, `slider_slide_id`, `locale`, `file_id`, `caption_1`, `caption_2`, `call_to_action_text`, `direction`) VALUES
(1, 1, 'id_ID', 2, 'SPEAKER <b>XIAOMI</b>', 'Ada peningkatan untuk kualitas dan kontrol.', 'BELI SEKARANG', 'left'),
(2, 2, 'id_ID', 3, '<b>3D</b> Virtual Reality', 'Kacamata VR 3D dengan gamepad remote control dengan harga terbaik', 'BELI SEKARANG', 'right');

-- --------------------------------------------------------

--
-- Table structure for table `slider_translations`
--

CREATE TABLE `slider_translations` (
  `id` int UNSIGNED NOT NULL,
  `slider_id` int UNSIGNED NOT NULL,
  `locale` varchar(191) CHARACTER SET utf8mb4 COLLATE utf8mb4_unicode_ci NOT NULL,
  `name` varchar(191) CHARACTER SET utf8mb4 COLLATE utf8mb4_unicode_ci NOT NULL
) ENGINE=InnoDB DEFAULT CHARSET=utf8mb4 COLLATE=utf8mb4_unicode_ci;

--
-- Dumping data for table `slider_translations`
--

INSERT INTO `slider_translations` (`id`, `slider_id`, `locale`, `name`) VALUES
(1, 1, 'id_ID', 'Main Slider');

-- --------------------------------------------------------

--
-- Table structure for table `tags`
--

CREATE TABLE `tags` (
  `id` int UNSIGNED NOT NULL,
  `slug` varchar(191) CHARACTER SET utf8mb4 COLLATE utf8mb4_unicode_ci NOT NULL,
  `created_at` timestamp NULL DEFAULT NULL,
  `updated_at` timestamp NULL DEFAULT NULL
) ENGINE=InnoDB DEFAULT CHARSET=utf8mb4 COLLATE=utf8mb4_unicode_ci;

-- --------------------------------------------------------

--
-- Table structure for table `tag_translations`
--

CREATE TABLE `tag_translations` (
  `id` int UNSIGNED NOT NULL,
  `tag_id` int UNSIGNED NOT NULL,
  `locale` varchar(191) CHARACTER SET utf8mb4 COLLATE utf8mb4_unicode_ci NOT NULL,
  `name` varchar(191) CHARACTER SET utf8mb4 COLLATE utf8mb4_unicode_ci NOT NULL
) ENGINE=InnoDB DEFAULT CHARSET=utf8mb4 COLLATE=utf8mb4_unicode_ci;

-- --------------------------------------------------------

--
-- Table structure for table `tax_classes`
--

CREATE TABLE `tax_classes` (
  `id` int UNSIGNED NOT NULL,
  `based_on` varchar(191) CHARACTER SET utf8mb4 COLLATE utf8mb4_unicode_ci NOT NULL,
  `deleted_at` timestamp NULL DEFAULT NULL,
  `created_at` timestamp NULL DEFAULT NULL,
  `updated_at` timestamp NULL DEFAULT NULL
) ENGINE=InnoDB DEFAULT CHARSET=utf8mb4 COLLATE=utf8mb4_unicode_ci;

--
-- Dumping data for table `tax_classes`
--

INSERT INTO `tax_classes` (`id`, `based_on`, `deleted_at`, `created_at`, `updated_at`) VALUES
(1, 'store_address', NULL, '2023-07-14 15:10:26', '2023-07-14 15:10:26');

-- --------------------------------------------------------

--
-- Table structure for table `tax_class_translations`
--

CREATE TABLE `tax_class_translations` (
  `id` int UNSIGNED NOT NULL,
  `tax_class_id` int UNSIGNED NOT NULL,
  `locale` varchar(191) CHARACTER SET utf8mb4 COLLATE utf8mb4_unicode_ci NOT NULL,
  `label` varchar(191) CHARACTER SET utf8mb4 COLLATE utf8mb4_unicode_ci NOT NULL
) ENGINE=InnoDB DEFAULT CHARSET=utf8mb4 COLLATE=utf8mb4_unicode_ci;

--
-- Dumping data for table `tax_class_translations`
--

INSERT INTO `tax_class_translations` (`id`, `tax_class_id`, `locale`, `label`) VALUES
(1, 1, 'id_ID', 'PPN');

-- --------------------------------------------------------

--
-- Table structure for table `tax_rates`
--

CREATE TABLE `tax_rates` (
  `id` int UNSIGNED NOT NULL,
  `tax_class_id` int UNSIGNED NOT NULL,
  `country` varchar(191) CHARACTER SET utf8mb4 COLLATE utf8mb4_unicode_ci NOT NULL,
  `state` varchar(191) CHARACTER SET utf8mb4 COLLATE utf8mb4_unicode_ci NOT NULL,
  `city` varchar(191) CHARACTER SET utf8mb4 COLLATE utf8mb4_unicode_ci NOT NULL,
  `zip` varchar(191) CHARACTER SET utf8mb4 COLLATE utf8mb4_unicode_ci NOT NULL,
  `rate` decimal(8,4) UNSIGNED NOT NULL,
  `position` int UNSIGNED NOT NULL,
  `deleted_at` timestamp NULL DEFAULT NULL,
  `created_at` timestamp NULL DEFAULT NULL,
  `updated_at` timestamp NULL DEFAULT NULL
) ENGINE=InnoDB DEFAULT CHARSET=utf8mb4 COLLATE=utf8mb4_unicode_ci;

--
-- Dumping data for table `tax_rates`
--

INSERT INTO `tax_rates` (`id`, `tax_class_id`, `country`, `state`, `city`, `zip`, `rate`, `position`, `deleted_at`, `created_at`, `updated_at`) VALUES
(1, 1, 'ID', '*', '*', '*', 11.0000, 0, NULL, '2023-07-14 15:10:26', '2023-07-14 15:10:26');

-- --------------------------------------------------------

--
-- Table structure for table `tax_rate_translations`
--

CREATE TABLE `tax_rate_translations` (
  `id` int UNSIGNED NOT NULL,
  `tax_rate_id` int UNSIGNED NOT NULL,
  `locale` varchar(191) CHARACTER SET utf8mb4 COLLATE utf8mb4_unicode_ci NOT NULL,
  `name` varchar(191) CHARACTER SET utf8mb4 COLLATE utf8mb4_unicode_ci NOT NULL
) ENGINE=InnoDB DEFAULT CHARSET=utf8mb4 COLLATE=utf8mb4_unicode_ci;

--
-- Dumping data for table `tax_rate_translations`
--

INSERT INTO `tax_rate_translations` (`id`, `tax_rate_id`, `locale`, `name`) VALUES
(1, 1, 'id_ID', 'PPN@11');

-- --------------------------------------------------------

--
-- Table structure for table `throttle`
--

CREATE TABLE `throttle` (
  `id` int UNSIGNED NOT NULL,
  `user_id` int UNSIGNED DEFAULT NULL,
  `type` varchar(191) CHARACTER SET utf8mb4 COLLATE utf8mb4_unicode_ci NOT NULL,
  `ip` varchar(191) CHARACTER SET utf8mb4 COLLATE utf8mb4_unicode_ci DEFAULT NULL,
  `created_at` timestamp NULL DEFAULT NULL,
  `updated_at` timestamp NULL DEFAULT NULL
) ENGINE=InnoDB DEFAULT CHARSET=utf8mb4 COLLATE=utf8mb4_unicode_ci;

-- --------------------------------------------------------

--
-- Table structure for table `transactions`
--

CREATE TABLE `transactions` (
  `id` int UNSIGNED NOT NULL,
  `order_id` int UNSIGNED NOT NULL,
  `transaction_id` varchar(191) CHARACTER SET utf8mb4 COLLATE utf8mb4_unicode_ci NOT NULL,
  `payment_method` varchar(191) CHARACTER SET utf8mb4 COLLATE utf8mb4_unicode_ci NOT NULL,
  `deleted_at` timestamp NULL DEFAULT NULL,
  `created_at` timestamp NULL DEFAULT NULL,
  `updated_at` timestamp NULL DEFAULT NULL
) ENGINE=InnoDB DEFAULT CHARSET=utf8mb4 COLLATE=utf8mb4_unicode_ci;

-- --------------------------------------------------------

--
-- Table structure for table `translations`
--

CREATE TABLE `translations` (
  `id` int UNSIGNED NOT NULL,
  `key` varchar(191) CHARACTER SET utf8mb4 COLLATE utf8mb4_unicode_ci NOT NULL,
  `created_at` timestamp NULL DEFAULT NULL,
  `updated_at` timestamp NULL DEFAULT NULL
) ENGINE=InnoDB DEFAULT CHARSET=utf8mb4 COLLATE=utf8mb4_unicode_ci;

--
-- Dumping data for table `translations`
--

INSERT INTO `translations` (`id`, `key`, `created_at`, `updated_at`) VALUES
(1, 'account::attributes.addresses.address_1', '2023-07-15 04:19:50', '2023-07-15 04:19:50'),
(2, 'account::attributes.addresses.city', '2023-07-15 04:19:54', '2023-07-15 04:19:54'),
(3, 'account::attributes.addresses.country', '2023-07-15 04:19:59', '2023-07-15 04:19:59'),
(4, 'account::attributes.addresses.first_name', '2023-07-15 04:20:05', '2023-07-15 04:20:05'),
(5, 'account::attributes.addresses.last_name', '2023-07-15 04:20:10', '2023-07-15 04:20:10'),
(6, 'account::attributes.addresses.state', '2023-07-15 04:20:20', '2023-07-15 04:20:20'),
(7, 'account::attributes.addresses.zip', '2023-07-15 04:20:26', '2023-07-15 04:20:26'),
(8, 'account::messages.address_deleted', '2023-07-15 04:20:40', '2023-07-15 04:20:40'),
(9, 'account::messages.address_saved', '2023-07-15 04:20:50', '2023-07-15 04:20:50'),
(10, 'account::messages.default_address_updated', '2023-07-15 04:21:10', '2023-07-15 04:21:10'),
(11, 'account::messages.profile_updated', '2023-07-15 04:21:22', '2023-07-15 04:21:22'),
(12, 'admin::admin.buttons.cancel', '2023-07-15 04:21:28', '2023-07-15 04:21:28'),
(13, 'admin::admin.buttons.delete', '2023-07-15 04:21:32', '2023-07-15 04:21:32'),
(14, 'admin::admin.buttons.save', '2023-07-15 04:21:36', '2023-07-15 04:21:36'),
(15, 'admin::admin.delete.confirmation', '2023-07-15 04:21:43', '2023-07-15 04:21:43'),
(16, 'admin::admin.delete.confirmation_message', '2023-07-15 04:22:03', '2023-07-15 04:22:03'),
(17, 'admin::admin.errors.404', '2023-07-15 04:22:07', '2023-07-15 04:22:07'),
(18, 'admin::admin.errors.404_description', '2023-07-15 04:22:25', '2023-07-15 04:22:25'),
(19, 'admin::admin.errors.404_title', '2023-07-15 04:22:49', '2023-07-15 04:22:49'),
(20, 'admin::admin.errors.500', '2023-07-15 04:22:54', '2023-07-15 04:22:54'),
(21, 'admin::admin.errors.500_description', '2023-07-15 04:23:27', '2023-07-15 04:23:27'),
(22, 'admin::admin.errors.500_title', '2023-07-15 04:23:40', '2023-07-15 04:23:40'),
(23, 'admin::admin.form.please_select', '2023-07-15 04:23:55', '2023-07-15 04:23:55'),
(24, 'admin::admin.pagination.next', '2023-07-15 04:24:01', '2023-07-15 04:24:01'),
(25, 'admin::admin.pagination.previous', '2023-07-15 04:24:05', '2023-07-15 04:24:05'),
(26, 'admin::admin.shortcuts.available_shortcuts', '2023-07-15 04:24:43', '2023-07-15 04:24:43'),
(27, 'admin::admin.shortcuts.back_to_index', '2023-07-15 04:25:05', '2023-07-15 04:25:05'),
(28, 'admin::admin.shortcuts.this_menu', '2023-07-15 04:25:16', '2023-07-15 04:25:16'),
(29, 'admin::admin.table.created', '2023-07-15 04:25:22', '2023-07-15 04:25:22'),
(30, 'admin::admin.table.date', '2023-07-15 04:25:26', '2023-07-15 04:25:26'),
(31, 'admin::admin.table.id', '2023-07-15 04:25:29', '2023-07-15 04:25:29'),
(32, 'admin::admin.table.status', '2023-07-15 04:25:34', '2023-07-15 04:25:34'),
(33, 'admin::admin.visit_store', '2023-07-15 04:25:42', '2023-07-15 04:25:42'),
(34, 'admin::dashboard.dashboard', '2023-07-15 04:25:56', '2023-07-15 04:25:56'),
(35, 'admin::dashboard.latest_orders', '2023-07-15 04:26:06', '2023-07-15 04:26:06'),
(36, 'admin::dashboard.latest_reviews', '2023-07-15 04:26:12', '2023-07-15 04:26:12'),
(37, 'admin::dashboard.latest_search_terms', '2023-07-15 04:26:52', '2023-07-15 04:26:52'),
(38, 'admin::dashboard.no_data', '2023-07-15 04:27:05', '2023-07-15 04:27:05'),
(39, 'admin::dashboard.sales_analytics.day_names.0', '2023-07-15 04:27:13', '2023-07-15 04:27:13'),
(40, 'admin::dashboard.sales_analytics.day_names.1', '2023-07-15 04:27:18', '2023-07-15 04:27:18'),
(41, 'admin::dashboard.sales_analytics.day_names.2', '2023-07-15 04:27:26', '2023-07-15 04:27:26'),
(42, 'admin::dashboard.sales_analytics.day_names.3', '2023-07-15 04:27:29', '2023-07-15 04:27:29'),
(43, 'admin::dashboard.sales_analytics.day_names.4', '2023-07-15 04:27:33', '2023-07-15 04:27:33'),
(44, 'admin::dashboard.sales_analytics.day_names.5', '2023-07-15 04:27:37', '2023-07-15 04:27:37'),
(45, 'admin::dashboard.sales_analytics.day_names.6', '2023-07-15 04:27:40', '2023-07-15 04:27:40'),
(46, 'admin::dashboard.sales_analytics.orders', '2023-07-15 04:27:45', '2023-07-15 04:27:45'),
(47, 'admin::dashboard.sales_analytics.sales', '2023-07-15 04:27:51', '2023-07-15 04:27:51'),
(48, 'admin::dashboard.sales_analytics_title', '2023-07-15 04:28:08', '2023-07-15 04:28:08'),
(49, 'admin::dashboard.table.customer', '2023-07-15 04:28:12', '2023-07-15 04:28:12'),
(50, 'admin::dashboard.table.latest_orders.order_id', '2023-07-15 04:28:19', '2023-07-15 04:28:19'),
(51, 'admin::dashboard.table.latest_orders.status', '2023-07-15 04:28:23', '2023-07-15 04:28:23'),
(52, 'admin::dashboard.table.latest_orders.total', '2023-07-15 04:28:27', '2023-07-15 04:28:27'),
(53, 'admin::dashboard.table.latest_reviews.product', '2023-07-15 04:28:33', '2023-07-15 04:28:33'),
(54, 'admin::dashboard.table.latest_reviews.rating', '2023-07-15 04:28:43', '2023-07-15 04:28:43'),
(55, 'admin::dashboard.table.latest_search_terms.hits', '2023-07-15 04:28:47', '2023-07-15 04:28:47'),
(56, 'admin::dashboard.table.latest_search_terms.keyword', '2023-07-15 04:28:52', '2023-07-15 04:28:52'),
(57, 'admin::dashboard.table.latest_search_terms.results', '2023-07-15 04:28:58', '2023-07-15 04:28:58'),
(58, 'admin::dashboard.total_customers', '2023-07-15 04:29:06', '2023-07-15 04:29:06'),
(59, 'admin::dashboard.total_orders', '2023-07-15 04:29:15', '2023-07-15 04:29:15'),
(60, 'admin::dashboard.total_products', '2023-07-15 04:29:22', '2023-07-15 04:29:22'),
(61, 'admin::dashboard.total_sales', '2023-07-15 04:30:27', '2023-07-15 04:30:27'),
(62, 'admin::messages.permission_denied', '2023-07-15 04:31:17', '2023-07-15 04:31:17'),
(63, 'admin::messages.resource_deleted', '2023-07-15 04:31:39', '2023-07-15 04:31:39'),
(64, 'admin::messages.resource_saved', '2023-07-15 04:31:53', '2023-07-15 04:31:53'),
(65, 'admin::resource.create', '2023-07-15 04:32:02', '2023-07-15 04:32:02'),
(66, 'admin::resource.delete', '2023-07-15 04:32:10', '2023-07-15 04:32:10'),
(67, 'admin::resource.edit', '2023-07-15 04:32:18', '2023-07-15 04:32:18'),
(68, 'admin::resource.show', '2023-07-15 04:32:28', '2023-07-15 04:32:28'),
(69, 'admin::sidebar.appearance', '2023-07-15 04:32:33', '2023-07-15 04:32:33'),
(70, 'admin::sidebar.content', '2023-07-15 04:32:37', '2023-07-15 04:32:37'),
(71, 'admin::sidebar.localization', '2023-07-15 04:32:52', '2023-07-15 04:32:52'),
(72, 'admin::sidebar.sales', '2023-07-15 04:32:57', '2023-07-15 04:32:57'),
(73, 'admin::sidebar.system', '2023-07-15 04:33:01', '2023-07-15 04:33:01'),
(74, 'admin::sidebar.tools', '2023-07-15 04:33:09', '2023-07-15 04:33:09'),
(75, 'attribute::admin.attribute', '2023-07-15 04:33:36', '2023-07-15 04:33:36'),
(76, 'attribute::admin.form.add_new_value', '2023-07-15 04:33:50', '2023-07-15 04:33:50'),
(77, 'attribute::admin.form.delete_value', '2023-07-15 04:33:57', '2023-07-15 04:33:57'),
(78, 'attribute::admin.form.product.add_new_attribute', '2023-07-15 04:34:10', '2023-07-15 04:34:10'),
(79, 'attribute::admin.form.product.delete_attribute', '2023-07-15 04:36:06', '2023-07-15 04:36:06'),
(80, 'attribute::admin.form.product.values', '2023-07-15 04:36:10', '2023-07-15 04:36:10'),
(81, 'attribute::admin.form.use_this_attribute_for_filtering_products', '2023-07-15 04:36:30', '2023-07-15 04:36:30'),
(82, 'attribute::admin.form.value', '2023-07-15 04:36:36', '2023-07-15 04:36:36'),
(83, 'attribute::admin.table.filterable', '2023-07-15 04:36:58', '2023-07-15 04:36:58'),
(84, 'attribute::admin.table.name', '2023-07-15 04:37:05', '2023-07-15 04:37:05'),
(85, 'attribute::admin.table.no', '2023-07-15 04:37:16', '2023-07-15 04:37:16'),
(86, 'attribute::admin.table.yes', '2023-07-15 04:37:20', '2023-07-15 04:37:20');

-- --------------------------------------------------------

--
-- Table structure for table `translation_translations`
--

CREATE TABLE `translation_translations` (
  `id` int UNSIGNED NOT NULL,
  `translation_id` int UNSIGNED NOT NULL,
  `locale` varchar(191) CHARACTER SET utf8mb4 COLLATE utf8mb4_unicode_ci NOT NULL,
  `value` text CHARACTER SET utf8mb4 COLLATE utf8mb4_unicode_ci NOT NULL
) ENGINE=InnoDB DEFAULT CHARSET=utf8mb4 COLLATE=utf8mb4_unicode_ci;

--
-- Dumping data for table `translation_translations`
--

INSERT INTO `translation_translations` (`id`, `translation_id`, `locale`, `value`) VALUES
(1, 1, 'id_ID', 'Baris Alamat 1'),
(2, 2, 'id_ID', 'Kota'),
(3, 3, 'id_ID', 'Negara'),
(4, 4, 'id_ID', 'Nama Depan'),
(5, 5, 'id_ID', 'Nama Belakang'),
(6, 6, 'id_ID', 'Provinsi'),
(7, 7, 'id_ID', 'Kodepos'),
(8, 8, 'id_ID', 'Alamat telah dihapus.'),
(9, 9, 'id_ID', 'Alamat telah disimpan.'),
(10, 10, 'id_ID', 'Alamat default telah diupdate.'),
(11, 11, 'id_ID', 'Profil anda telah diupdate.'),
(12, 12, 'id_ID', 'Batal'),
(13, 13, 'id_ID', 'Hapus'),
(14, 14, 'id_ID', 'Simpan'),
(15, 15, 'id_ID', 'Konfirmasi'),
(16, 16, 'id_ID', 'Apakah kamu yakin ingin menghapus?'),
(17, 17, 'id_ID', '404'),
(18, 18, 'id_ID', 'Halaman yang anda tuju tidak dapat ditemukan.'),
(19, 19, 'id_ID', 'Oops! Halaman tidak ditemukan.'),
(20, 20, 'id_ID', '500'),
(21, 21, 'id_ID', 'Administrator sudah diberitahu.'),
(22, 22, 'id_ID', 'Opps! Ada sesuatu yang salah'),
(23, 23, 'id_ID', 'Harap Pilih'),
(24, 24, 'id_ID', 'Selanjutnya'),
(25, 25, 'id_ID', 'Sebelumnya'),
(26, 26, 'id_ID', 'Nyalakan shortcut keyboard untuk halaman ini'),
(27, 27, 'id_ID', 'Kembali ke :name Index'),
(28, 28, 'id_ID', 'Menu ini'),
(29, 29, 'id_ID', 'Dibuat'),
(30, 30, 'id_ID', 'Tanggal'),
(31, 31, 'id_ID', 'ID'),
(32, 32, 'id_ID', 'Status'),
(33, 33, 'id_ID', 'Lihat Toko'),
(34, 34, 'id_ID', 'Dashboard'),
(35, 35, 'id_ID', 'Pesanan Terbaru'),
(36, 36, 'id_ID', 'Review Terbaru'),
(37, 37, 'id_ID', 'Istilah Pencarian Terbaru'),
(38, 38, 'id_ID', 'Tidak ada data!'),
(39, 39, 'id_ID', 'Senin'),
(40, 40, 'id_ID', 'Selasa'),
(41, 41, 'id_ID', 'Rabu'),
(42, 42, 'id_ID', 'Kamis'),
(43, 43, 'id_ID', 'Jumat'),
(44, 44, 'id_ID', 'Sabtu'),
(45, 45, 'id_ID', 'Minggu'),
(46, 46, 'id_ID', 'Pesanan'),
(47, 47, 'id_ID', 'Penjualan'),
(48, 48, 'id_ID', 'Analitik Penjualan'),
(49, 49, 'id_ID', 'Pelanggan'),
(50, 50, 'id_ID', 'Order ID'),
(51, 51, 'id_ID', 'Status'),
(52, 52, 'id_ID', 'Total'),
(53, 53, 'id_ID', 'Produk'),
(54, 54, 'id_ID', 'Rating'),
(55, 55, 'id_ID', 'Hit'),
(56, 56, 'id_ID', 'Kata Kunci'),
(57, 57, 'id_ID', 'Hasil'),
(58, 58, 'id_ID', 'Total Pelanggan'),
(59, 59, 'id_ID', 'Total Pesanan'),
(60, 60, 'id_ID', 'Total Produk'),
(61, 61, 'id_ID', 'Total Penjualan'),
(62, 62, 'id_ID', 'Izin Ditoalk (perlu izin: \":permission\").'),
(63, 63, 'id_ID', ':resource telah dihapus.'),
(64, 64, 'id_ID', ':resource telah disimpan.'),
(65, 65, 'id_ID', 'Buat :resource'),
(66, 66, 'id_ID', 'Hapus :resource'),
(67, 67, 'id_ID', 'Edit :resource'),
(68, 68, 'id_ID', 'Lihat :resource'),
(69, 69, 'id_ID', 'Tampilan'),
(70, 70, 'id_ID', 'Konten'),
(71, 71, 'id_ID', 'Lokalisasi'),
(72, 72, 'id_ID', 'Penjualan'),
(73, 73, 'id_ID', 'Sistem'),
(74, 74, 'id_ID', 'Alat'),
(75, 75, 'id_ID', 'Attribute'),
(76, 76, 'id_ID', 'Tabahkan Nilai Baru'),
(77, 77, 'id_ID', 'Hapus Nilai'),
(78, 78, 'id_ID', 'Tambahakan Attribut Baru'),
(79, 79, 'id_ID', 'Hapus Attribute'),
(80, 80, 'id_ID', 'Nilai'),
(81, 81, 'id_ID', 'Gunakan attribute ini untuk memfilter produk'),
(82, 82, 'id_ID', 'Nilai'),
(83, 83, 'id_ID', 'Dapat Difilter'),
(84, 84, 'id_ID', 'Nama'),
(85, 85, 'id_ID', 'Tidak'),
(86, 86, 'id_ID', 'Iya');

-- --------------------------------------------------------

--
-- Table structure for table `updater_scripts`
--

CREATE TABLE `updater_scripts` (
  `id` int UNSIGNED NOT NULL,
  `script` varchar(191) CHARACTER SET utf8mb4 COLLATE utf8mb4_unicode_ci NOT NULL
) ENGINE=InnoDB DEFAULT CHARSET=utf8mb4 COLLATE=utf8mb4_unicode_ci;

--
-- Dumping data for table `updater_scripts`
--

INSERT INTO `updater_scripts` (`id`, `script`) VALUES
(1, 'V2_0_0'),
(2, 'V2_0_0');

-- --------------------------------------------------------

--
-- Table structure for table `up_sell_products`
--

CREATE TABLE `up_sell_products` (
  `product_id` int UNSIGNED NOT NULL,
  `up_sell_product_id` int UNSIGNED NOT NULL
) ENGINE=InnoDB DEFAULT CHARSET=utf8mb4 COLLATE=utf8mb4_unicode_ci;

-- --------------------------------------------------------

--
-- Table structure for table `users`
--

CREATE TABLE `users` (
  `id` int UNSIGNED NOT NULL,
  `first_name` varchar(191) CHARACTER SET utf8mb4 COLLATE utf8mb4_unicode_ci NOT NULL,
  `last_name` varchar(191) CHARACTER SET utf8mb4 COLLATE utf8mb4_unicode_ci NOT NULL,
  `email` varchar(191) CHARACTER SET utf8mb4 COLLATE utf8mb4_unicode_ci NOT NULL,
  `phone` varchar(191) CHARACTER SET utf8mb4 COLLATE utf8mb4_unicode_ci NOT NULL,
  `password` varchar(191) CHARACTER SET utf8mb4 COLLATE utf8mb4_unicode_ci NOT NULL,
  `permissions` text CHARACTER SET utf8mb4 COLLATE utf8mb4_unicode_ci,
  `last_login` datetime DEFAULT NULL,
  `created_at` timestamp NULL DEFAULT NULL,
  `updated_at` timestamp NULL DEFAULT NULL
) ENGINE=InnoDB DEFAULT CHARSET=utf8mb4 COLLATE=utf8mb4_unicode_ci;

--
-- Dumping data for table `users`
--

INSERT INTO `users` (`id`, `first_name`, `last_name`, `email`, `phone`, `password`, `permissions`, `last_login`, `created_at`, `updated_at`) VALUES
(1, 'Admin', 'Tekopakedi', 'admin@gmail.com', '0855675567575', '$2y$10$loNQcsKn6HGVTDdvSyblRuZmLO4LYRENilVq/lT3bvA/53kjSQZQ.', '[]', '2023-07-15 16:10:53', '2023-07-13 11:39:59', '2023-07-15 09:10:53'),
(2, 'Imron', 'Reviady', 'imronreviady1@gmail.com', '085892151006', '$2y$10$SFz0EOhHxYaTtQsyvTPhZ.HYjiyd9pjM8GEwvYKTgnO0Z7EfeWRcq', NULL, '2023-07-15 15:57:02', '2023-07-15 04:51:14', '2023-07-15 08:57:02'),
(3, 'customer', '1', 'customer1@gmail.com', '08678678687', '$2y$10$SaYNL2NKA1SHyeWsVY.vgOnqUpeEcIQnAIXQPiiJ0qEiwjePaNQQW', NULL, '2023-07-15 16:08:03', '2023-07-15 09:07:49', '2023-07-15 09:08:03');

-- --------------------------------------------------------

--
-- Table structure for table `user_roles`
--

CREATE TABLE `user_roles` (
  `user_id` int UNSIGNED NOT NULL,
  `role_id` int UNSIGNED NOT NULL,
  `created_at` timestamp NULL DEFAULT NULL,
  `updated_at` timestamp NULL DEFAULT NULL
) ENGINE=InnoDB DEFAULT CHARSET=utf8mb4 COLLATE=utf8mb4_unicode_ci;

--
-- Dumping data for table `user_roles`
--

INSERT INTO `user_roles` (`user_id`, `role_id`, `created_at`, `updated_at`) VALUES
(1, 1, '2023-07-13 11:39:59', '2023-07-13 11:39:59'),
(2, 2, '2023-07-15 04:51:14', '2023-07-15 04:51:14'),
(3, 2, '2023-07-15 09:07:49', '2023-07-15 09:07:49');

-- --------------------------------------------------------

--
-- Table structure for table `wish_lists`
--

CREATE TABLE `wish_lists` (
  `user_id` int UNSIGNED NOT NULL,
  `product_id` int UNSIGNED NOT NULL,
  `created_at` timestamp NULL DEFAULT NULL,
  `updated_at` timestamp NULL DEFAULT NULL
) ENGINE=InnoDB DEFAULT CHARSET=utf8mb4 COLLATE=utf8mb4_unicode_ci;

--
-- Indexes for dumped tables
--

--
-- Indexes for table `activations`
--
ALTER TABLE `activations`
  ADD PRIMARY KEY (`id`),
  ADD KEY `activations_user_id_index` (`user_id`);

--
-- Indexes for table `addresses`
--
ALTER TABLE `addresses`
  ADD PRIMARY KEY (`id`),
  ADD KEY `addresses_customer_id_foreign` (`customer_id`);

--
-- Indexes for table `attributes`
--
ALTER TABLE `attributes`
  ADD PRIMARY KEY (`id`),
  ADD UNIQUE KEY `attributes_slug_unique` (`slug`),
  ADD KEY `attributes_attribute_set_id_index` (`attribute_set_id`);

--
-- Indexes for table `attribute_categories`
--
ALTER TABLE `attribute_categories`
  ADD PRIMARY KEY (`attribute_id`,`category_id`),
  ADD KEY `attribute_categories_category_id_foreign` (`category_id`);

--
-- Indexes for table `attribute_sets`
--
ALTER TABLE `attribute_sets`
  ADD PRIMARY KEY (`id`);

--
-- Indexes for table `attribute_set_translations`
--
ALTER TABLE `attribute_set_translations`
  ADD PRIMARY KEY (`id`),
  ADD UNIQUE KEY `attribute_set_translations_attribute_set_id_locale_unique` (`attribute_set_id`,`locale`);

--
-- Indexes for table `attribute_translations`
--
ALTER TABLE `attribute_translations`
  ADD PRIMARY KEY (`id`),
  ADD UNIQUE KEY `attribute_translations_attribute_id_locale_unique` (`attribute_id`,`locale`);

--
-- Indexes for table `attribute_values`
--
ALTER TABLE `attribute_values`
  ADD PRIMARY KEY (`id`),
  ADD KEY `attribute_values_attribute_id_index` (`attribute_id`);

--
-- Indexes for table `attribute_value_translations`
--
ALTER TABLE `attribute_value_translations`
  ADD PRIMARY KEY (`id`),
  ADD UNIQUE KEY `attribute_value_translations_attribute_value_id_locale_unique` (`attribute_value_id`,`locale`);

--
-- Indexes for table `brands`
--
ALTER TABLE `brands`
  ADD PRIMARY KEY (`id`),
  ADD UNIQUE KEY `brands_slug_unique` (`slug`);

--
-- Indexes for table `brand_translations`
--
ALTER TABLE `brand_translations`
  ADD PRIMARY KEY (`id`),
  ADD UNIQUE KEY `brand_translations_brand_id_locale_unique` (`brand_id`,`locale`);

--
-- Indexes for table `categories`
--
ALTER TABLE `categories`
  ADD PRIMARY KEY (`id`),
  ADD UNIQUE KEY `categories_slug_unique` (`slug`),
  ADD KEY `categories_parent_id_foreign` (`parent_id`);

--
-- Indexes for table `category_translations`
--
ALTER TABLE `category_translations`
  ADD PRIMARY KEY (`id`),
  ADD UNIQUE KEY `category_translations_category_id_locale_unique` (`category_id`,`locale`);

--
-- Indexes for table `coupons`
--
ALTER TABLE `coupons`
  ADD PRIMARY KEY (`id`),
  ADD KEY `coupons_code_index` (`code`);

--
-- Indexes for table `coupon_categories`
--
ALTER TABLE `coupon_categories`
  ADD PRIMARY KEY (`coupon_id`,`category_id`,`exclude`),
  ADD KEY `coupon_categories_category_id_foreign` (`category_id`);

--
-- Indexes for table `coupon_products`
--
ALTER TABLE `coupon_products`
  ADD PRIMARY KEY (`coupon_id`,`product_id`),
  ADD KEY `coupon_products_product_id_foreign` (`product_id`);

--
-- Indexes for table `coupon_translations`
--
ALTER TABLE `coupon_translations`
  ADD PRIMARY KEY (`id`),
  ADD UNIQUE KEY `coupon_translations_coupon_id_locale_unique` (`coupon_id`,`locale`);

--
-- Indexes for table `cross_sell_products`
--
ALTER TABLE `cross_sell_products`
  ADD PRIMARY KEY (`product_id`,`cross_sell_product_id`),
  ADD KEY `cross_sell_products_cross_sell_product_id_foreign` (`cross_sell_product_id`);

--
-- Indexes for table `currency_rates`
--
ALTER TABLE `currency_rates`
  ADD PRIMARY KEY (`id`),
  ADD UNIQUE KEY `currency_rates_currency_unique` (`currency`);

--
-- Indexes for table `default_addresses`
--
ALTER TABLE `default_addresses`
  ADD PRIMARY KEY (`id`),
  ADD KEY `default_addresses_customer_id_foreign` (`customer_id`),
  ADD KEY `default_addresses_address_id_foreign` (`address_id`);

--
-- Indexes for table `entity_files`
--
ALTER TABLE `entity_files`
  ADD PRIMARY KEY (`id`),
  ADD KEY `entity_files_entity_type_entity_id_index` (`entity_type`,`entity_id`),
  ADD KEY `entity_files_file_id_index` (`file_id`),
  ADD KEY `entity_files_zone_index` (`zone`);

--
-- Indexes for table `files`
--
ALTER TABLE `files`
  ADD PRIMARY KEY (`id`),
  ADD KEY `files_user_id_index` (`user_id`),
  ADD KEY `files_filename_index` (`filename`);

--
-- Indexes for table `flash_sales`
--
ALTER TABLE `flash_sales`
  ADD PRIMARY KEY (`id`);

--
-- Indexes for table `flash_sale_products`
--
ALTER TABLE `flash_sale_products`
  ADD PRIMARY KEY (`id`),
  ADD KEY `flash_sale_products_flash_sale_id_foreign` (`flash_sale_id`),
  ADD KEY `flash_sale_products_product_id_foreign` (`product_id`);

--
-- Indexes for table `flash_sale_product_orders`
--
ALTER TABLE `flash_sale_product_orders`
  ADD PRIMARY KEY (`flash_sale_product_id`,`order_id`),
  ADD KEY `flash_sale_product_orders_order_id_foreign` (`order_id`);

--
-- Indexes for table `flash_sale_translations`
--
ALTER TABLE `flash_sale_translations`
  ADD PRIMARY KEY (`id`),
  ADD UNIQUE KEY `flash_sale_translations_flash_sale_id_locale_unique` (`flash_sale_id`,`locale`);

--
-- Indexes for table `menus`
--
ALTER TABLE `menus`
  ADD PRIMARY KEY (`id`);

--
-- Indexes for table `menu_items`
--
ALTER TABLE `menu_items`
  ADD PRIMARY KEY (`id`),
  ADD KEY `menu_items_parent_id_foreign` (`parent_id`),
  ADD KEY `menu_items_category_id_foreign` (`category_id`),
  ADD KEY `menu_items_page_id_foreign` (`page_id`),
  ADD KEY `menu_items_menu_id_index` (`menu_id`);

--
-- Indexes for table `menu_item_translations`
--
ALTER TABLE `menu_item_translations`
  ADD PRIMARY KEY (`id`),
  ADD UNIQUE KEY `menu_item_translations_menu_item_id_locale_unique` (`menu_item_id`,`locale`);

--
-- Indexes for table `menu_translations`
--
ALTER TABLE `menu_translations`
  ADD PRIMARY KEY (`id`),
  ADD UNIQUE KEY `menu_translations_menu_id_locale_unique` (`menu_id`,`locale`);

--
-- Indexes for table `meta_data`
--
ALTER TABLE `meta_data`
  ADD PRIMARY KEY (`id`),
  ADD KEY `meta_data_entity_type_entity_id_index` (`entity_type`,`entity_id`);

--
-- Indexes for table `meta_data_translations`
--
ALTER TABLE `meta_data_translations`
  ADD PRIMARY KEY (`id`),
  ADD UNIQUE KEY `meta_data_translations_meta_data_id_locale_unique` (`meta_data_id`,`locale`);

--
-- Indexes for table `migrations`
--
ALTER TABLE `migrations`
  ADD PRIMARY KEY (`id`);

--
-- Indexes for table `options`
--
ALTER TABLE `options`
  ADD PRIMARY KEY (`id`);

--
-- Indexes for table `option_translations`
--
ALTER TABLE `option_translations`
  ADD PRIMARY KEY (`id`),
  ADD UNIQUE KEY `option_translations_option_id_locale_unique` (`option_id`,`locale`);

--
-- Indexes for table `option_values`
--
ALTER TABLE `option_values`
  ADD PRIMARY KEY (`id`),
  ADD KEY `option_values_option_id_index` (`option_id`);

--
-- Indexes for table `option_value_translations`
--
ALTER TABLE `option_value_translations`
  ADD PRIMARY KEY (`id`),
  ADD UNIQUE KEY `option_value_translations_option_value_id_locale_unique` (`option_value_id`,`locale`);

--
-- Indexes for table `orders`
--
ALTER TABLE `orders`
  ADD PRIMARY KEY (`id`),
  ADD KEY `orders_customer_id_index` (`customer_id`),
  ADD KEY `orders_coupon_id_index` (`coupon_id`);

--
-- Indexes for table `order_downloads`
--
ALTER TABLE `order_downloads`
  ADD PRIMARY KEY (`id`),
  ADD KEY `order_downloads_order_id_foreign` (`order_id`),
  ADD KEY `order_downloads_file_id_foreign` (`file_id`);

--
-- Indexes for table `order_products`
--
ALTER TABLE `order_products`
  ADD PRIMARY KEY (`id`),
  ADD KEY `order_products_order_id_foreign` (`order_id`),
  ADD KEY `order_products_product_id_foreign` (`product_id`);

--
-- Indexes for table `order_product_options`
--
ALTER TABLE `order_product_options`
  ADD PRIMARY KEY (`id`),
  ADD UNIQUE KEY `order_product_options_order_product_id_option_id_unique` (`order_product_id`,`option_id`),
  ADD KEY `order_product_options_option_id_foreign` (`option_id`);

--
-- Indexes for table `order_product_option_values`
--
ALTER TABLE `order_product_option_values`
  ADD PRIMARY KEY (`order_product_option_id`,`option_value_id`),
  ADD KEY `order_product_option_values_option_value_id_foreign` (`option_value_id`);

--
-- Indexes for table `order_taxes`
--
ALTER TABLE `order_taxes`
  ADD PRIMARY KEY (`order_id`,`tax_rate_id`),
  ADD KEY `order_taxes_tax_rate_id_foreign` (`tax_rate_id`);

--
-- Indexes for table `pages`
--
ALTER TABLE `pages`
  ADD PRIMARY KEY (`id`),
  ADD UNIQUE KEY `pages_slug_unique` (`slug`);

--
-- Indexes for table `page_translations`
--
ALTER TABLE `page_translations`
  ADD PRIMARY KEY (`id`),
  ADD UNIQUE KEY `page_translations_page_id_locale_unique` (`page_id`,`locale`);

--
-- Indexes for table `persistences`
--
ALTER TABLE `persistences`
  ADD PRIMARY KEY (`id`),
  ADD UNIQUE KEY `persistences_code_unique` (`code`),
  ADD KEY `persistences_user_id_foreign` (`user_id`);

--
-- Indexes for table `products`
--
ALTER TABLE `products`
  ADD PRIMARY KEY (`id`),
  ADD UNIQUE KEY `products_slug_unique` (`slug`),
  ADD KEY `products_brand_id_foreign` (`brand_id`);

--
-- Indexes for table `product_attributes`
--
ALTER TABLE `product_attributes`
  ADD PRIMARY KEY (`id`),
  ADD KEY `product_attributes_product_id_index` (`product_id`),
  ADD KEY `product_attributes_attribute_id_index` (`attribute_id`);

--
-- Indexes for table `product_attribute_values`
--
ALTER TABLE `product_attribute_values`
  ADD PRIMARY KEY (`product_attribute_id`,`attribute_value_id`),
  ADD KEY `product_attribute_values_attribute_value_id_foreign` (`attribute_value_id`);

--
-- Indexes for table `product_categories`
--
ALTER TABLE `product_categories`
  ADD PRIMARY KEY (`product_id`,`category_id`),
  ADD KEY `product_categories_category_id_foreign` (`category_id`);

--
-- Indexes for table `product_options`
--
ALTER TABLE `product_options`
  ADD PRIMARY KEY (`product_id`,`option_id`),
  ADD KEY `product_options_option_id_foreign` (`option_id`);

--
-- Indexes for table `product_tags`
--
ALTER TABLE `product_tags`
  ADD PRIMARY KEY (`product_id`,`tag_id`),
  ADD KEY `product_tags_tag_id_foreign` (`tag_id`);

--
-- Indexes for table `product_translations`
--
ALTER TABLE `product_translations`
  ADD PRIMARY KEY (`id`),
  ADD UNIQUE KEY `product_translations_product_id_locale_unique` (`product_id`,`locale`);
ALTER TABLE `product_translations` ADD FULLTEXT KEY `name` (`name`);

--
-- Indexes for table `related_products`
--
ALTER TABLE `related_products`
  ADD PRIMARY KEY (`product_id`,`related_product_id`),
  ADD KEY `related_products_related_product_id_foreign` (`related_product_id`);

--
-- Indexes for table `reminders`
--
ALTER TABLE `reminders`
  ADD PRIMARY KEY (`id`),
  ADD KEY `reminders_user_id_foreign` (`user_id`);

--
-- Indexes for table `reviews`
--
ALTER TABLE `reviews`
  ADD PRIMARY KEY (`id`),
  ADD KEY `reviews_reviewer_id_index` (`reviewer_id`),
  ADD KEY `reviews_product_id_index` (`product_id`);

--
-- Indexes for table `roles`
--
ALTER TABLE `roles`
  ADD PRIMARY KEY (`id`);

--
-- Indexes for table `role_translations`
--
ALTER TABLE `role_translations`
  ADD PRIMARY KEY (`id`),
  ADD UNIQUE KEY `role_translations_role_id_locale_unique` (`role_id`,`locale`);

--
-- Indexes for table `search_terms`
--
ALTER TABLE `search_terms`
  ADD PRIMARY KEY (`id`),
  ADD UNIQUE KEY `search_terms_term_unique` (`term`);

--
-- Indexes for table `settings`
--
ALTER TABLE `settings`
  ADD PRIMARY KEY (`id`),
  ADD UNIQUE KEY `settings_key_unique` (`key`);

--
-- Indexes for table `setting_translations`
--
ALTER TABLE `setting_translations`
  ADD PRIMARY KEY (`id`),
  ADD UNIQUE KEY `setting_translations_setting_id_locale_unique` (`setting_id`,`locale`);

--
-- Indexes for table `sliders`
--
ALTER TABLE `sliders`
  ADD PRIMARY KEY (`id`);

--
-- Indexes for table `slider_slides`
--
ALTER TABLE `slider_slides`
  ADD PRIMARY KEY (`id`),
  ADD KEY `slider_slides_slider_id_foreign` (`slider_id`);

--
-- Indexes for table `slider_slide_translations`
--
ALTER TABLE `slider_slide_translations`
  ADD PRIMARY KEY (`id`),
  ADD UNIQUE KEY `slider_slide_translations_slider_slide_id_locale_unique` (`slider_slide_id`,`locale`);

--
-- Indexes for table `slider_translations`
--
ALTER TABLE `slider_translations`
  ADD PRIMARY KEY (`id`),
  ADD UNIQUE KEY `slider_translations_slider_id_locale_unique` (`slider_id`,`locale`);

--
-- Indexes for table `tags`
--
ALTER TABLE `tags`
  ADD PRIMARY KEY (`id`),
  ADD UNIQUE KEY `tags_slug_unique` (`slug`);

--
-- Indexes for table `tag_translations`
--
ALTER TABLE `tag_translations`
  ADD PRIMARY KEY (`id`),
  ADD UNIQUE KEY `tag_translations_tag_id_locale_unique` (`tag_id`,`locale`);

--
-- Indexes for table `tax_classes`
--
ALTER TABLE `tax_classes`
  ADD PRIMARY KEY (`id`);

--
-- Indexes for table `tax_class_translations`
--
ALTER TABLE `tax_class_translations`
  ADD PRIMARY KEY (`id`),
  ADD UNIQUE KEY `tax_class_translations_tax_class_id_locale_unique` (`tax_class_id`,`locale`);

--
-- Indexes for table `tax_rates`
--
ALTER TABLE `tax_rates`
  ADD PRIMARY KEY (`id`),
  ADD KEY `tax_rates_tax_class_id_index` (`tax_class_id`);

--
-- Indexes for table `tax_rate_translations`
--
ALTER TABLE `tax_rate_translations`
  ADD PRIMARY KEY (`id`),
  ADD UNIQUE KEY `tax_rate_translations_tax_rate_id_locale_unique` (`tax_rate_id`,`locale`);

--
-- Indexes for table `throttle`
--
ALTER TABLE `throttle`
  ADD PRIMARY KEY (`id`),
  ADD KEY `throttle_user_id_foreign` (`user_id`);

--
-- Indexes for table `transactions`
--
ALTER TABLE `transactions`
  ADD PRIMARY KEY (`id`),
  ADD UNIQUE KEY `transactions_order_id_unique` (`order_id`);

--
-- Indexes for table `translations`
--
ALTER TABLE `translations`
  ADD PRIMARY KEY (`id`),
  ADD KEY `translations_key_index` (`key`);

--
-- Indexes for table `translation_translations`
--
ALTER TABLE `translation_translations`
  ADD PRIMARY KEY (`id`),
  ADD UNIQUE KEY `translation_translations_translation_id_locale_unique` (`translation_id`,`locale`);

--
-- Indexes for table `updater_scripts`
--
ALTER TABLE `updater_scripts`
  ADD PRIMARY KEY (`id`);

--
-- Indexes for table `up_sell_products`
--
ALTER TABLE `up_sell_products`
  ADD PRIMARY KEY (`product_id`,`up_sell_product_id`),
  ADD KEY `up_sell_products_up_sell_product_id_foreign` (`up_sell_product_id`);

--
-- Indexes for table `users`
--
ALTER TABLE `users`
  ADD PRIMARY KEY (`id`),
  ADD UNIQUE KEY `users_email_unique` (`email`);

--
-- Indexes for table `user_roles`
--
ALTER TABLE `user_roles`
  ADD PRIMARY KEY (`user_id`,`role_id`),
  ADD KEY `user_roles_role_id_foreign` (`role_id`);

--
-- Indexes for table `wish_lists`
--
ALTER TABLE `wish_lists`
  ADD PRIMARY KEY (`user_id`,`product_id`),
  ADD KEY `wish_lists_product_id_foreign` (`product_id`);

--
-- AUTO_INCREMENT for dumped tables
--

--
-- AUTO_INCREMENT for table `activations`
--
ALTER TABLE `activations`
  MODIFY `id` int UNSIGNED NOT NULL AUTO_INCREMENT, AUTO_INCREMENT=4;

--
-- AUTO_INCREMENT for table `addresses`
--
ALTER TABLE `addresses`
  MODIFY `id` int UNSIGNED NOT NULL AUTO_INCREMENT, AUTO_INCREMENT=12;

--
-- AUTO_INCREMENT for table `attributes`
--
ALTER TABLE `attributes`
  MODIFY `id` int UNSIGNED NOT NULL AUTO_INCREMENT, AUTO_INCREMENT=34;

--
-- AUTO_INCREMENT for table `attribute_sets`
--
ALTER TABLE `attribute_sets`
  MODIFY `id` int UNSIGNED NOT NULL AUTO_INCREMENT, AUTO_INCREMENT=6;

--
-- AUTO_INCREMENT for table `attribute_set_translations`
--
ALTER TABLE `attribute_set_translations`
  MODIFY `id` int UNSIGNED NOT NULL AUTO_INCREMENT, AUTO_INCREMENT=6;

--
-- AUTO_INCREMENT for table `attribute_translations`
--
ALTER TABLE `attribute_translations`
  MODIFY `id` int UNSIGNED NOT NULL AUTO_INCREMENT, AUTO_INCREMENT=34;

--
-- AUTO_INCREMENT for table `attribute_values`
--
ALTER TABLE `attribute_values`
  MODIFY `id` int UNSIGNED NOT NULL AUTO_INCREMENT, AUTO_INCREMENT=151;

--
-- AUTO_INCREMENT for table `attribute_value_translations`
--
ALTER TABLE `attribute_value_translations`
  MODIFY `id` int UNSIGNED NOT NULL AUTO_INCREMENT, AUTO_INCREMENT=151;

--
-- AUTO_INCREMENT for table `brands`
--
ALTER TABLE `brands`
  MODIFY `id` int UNSIGNED NOT NULL AUTO_INCREMENT, AUTO_INCREMENT=20;

--
-- AUTO_INCREMENT for table `brand_translations`
--
ALTER TABLE `brand_translations`
  MODIFY `id` int UNSIGNED NOT NULL AUTO_INCREMENT, AUTO_INCREMENT=20;

--
-- AUTO_INCREMENT for table `categories`
--
ALTER TABLE `categories`
  MODIFY `id` int UNSIGNED NOT NULL AUTO_INCREMENT, AUTO_INCREMENT=152;

--
-- AUTO_INCREMENT for table `category_translations`
--
ALTER TABLE `category_translations`
  MODIFY `id` int UNSIGNED NOT NULL AUTO_INCREMENT, AUTO_INCREMENT=152;

--
-- AUTO_INCREMENT for table `coupons`
--
ALTER TABLE `coupons`
  MODIFY `id` int UNSIGNED NOT NULL AUTO_INCREMENT;

--
-- AUTO_INCREMENT for table `coupon_translations`
--
ALTER TABLE `coupon_translations`
  MODIFY `id` int UNSIGNED NOT NULL AUTO_INCREMENT;

--
-- AUTO_INCREMENT for table `currency_rates`
--
ALTER TABLE `currency_rates`
  MODIFY `id` int UNSIGNED NOT NULL AUTO_INCREMENT, AUTO_INCREMENT=3;

--
-- AUTO_INCREMENT for table `default_addresses`
--
ALTER TABLE `default_addresses`
  MODIFY `id` int UNSIGNED NOT NULL AUTO_INCREMENT, AUTO_INCREMENT=4;

--
-- AUTO_INCREMENT for table `entity_files`
--
ALTER TABLE `entity_files`
  MODIFY `id` int UNSIGNED NOT NULL AUTO_INCREMENT, AUTO_INCREMENT=68;

--
-- AUTO_INCREMENT for table `files`
--
ALTER TABLE `files`
  MODIFY `id` int UNSIGNED NOT NULL AUTO_INCREMENT, AUTO_INCREMENT=71;

--
-- AUTO_INCREMENT for table `flash_sales`
--
ALTER TABLE `flash_sales`
  MODIFY `id` int UNSIGNED NOT NULL AUTO_INCREMENT;

--
-- AUTO_INCREMENT for table `flash_sale_products`
--
ALTER TABLE `flash_sale_products`
  MODIFY `id` int UNSIGNED NOT NULL AUTO_INCREMENT;

--
-- AUTO_INCREMENT for table `flash_sale_translations`
--
ALTER TABLE `flash_sale_translations`
  MODIFY `id` int UNSIGNED NOT NULL AUTO_INCREMENT;

--
-- AUTO_INCREMENT for table `menus`
--
ALTER TABLE `menus`
  MODIFY `id` int UNSIGNED NOT NULL AUTO_INCREMENT, AUTO_INCREMENT=5;

--
-- AUTO_INCREMENT for table `menu_items`
--
ALTER TABLE `menu_items`
  MODIFY `id` int UNSIGNED NOT NULL AUTO_INCREMENT, AUTO_INCREMENT=35;

--
-- AUTO_INCREMENT for table `menu_item_translations`
--
ALTER TABLE `menu_item_translations`
  MODIFY `id` int UNSIGNED NOT NULL AUTO_INCREMENT, AUTO_INCREMENT=39;

--
-- AUTO_INCREMENT for table `menu_translations`
--
ALTER TABLE `menu_translations`
  MODIFY `id` int UNSIGNED NOT NULL AUTO_INCREMENT, AUTO_INCREMENT=5;

--
-- AUTO_INCREMENT for table `meta_data`
--
ALTER TABLE `meta_data`
  MODIFY `id` int UNSIGNED NOT NULL AUTO_INCREMENT, AUTO_INCREMENT=29;

--
-- AUTO_INCREMENT for table `meta_data_translations`
--
ALTER TABLE `meta_data_translations`
  MODIFY `id` int UNSIGNED NOT NULL AUTO_INCREMENT, AUTO_INCREMENT=29;

--
-- AUTO_INCREMENT for table `migrations`
--
ALTER TABLE `migrations`
  MODIFY `id` int UNSIGNED NOT NULL AUTO_INCREMENT, AUTO_INCREMENT=90;

--
-- AUTO_INCREMENT for table `options`
--
ALTER TABLE `options`
  MODIFY `id` int UNSIGNED NOT NULL AUTO_INCREMENT, AUTO_INCREMENT=15;

--
-- AUTO_INCREMENT for table `option_translations`
--
ALTER TABLE `option_translations`
  MODIFY `id` int UNSIGNED NOT NULL AUTO_INCREMENT, AUTO_INCREMENT=15;

--
-- AUTO_INCREMENT for table `option_values`
--
ALTER TABLE `option_values`
  MODIFY `id` int UNSIGNED NOT NULL AUTO_INCREMENT, AUTO_INCREMENT=60;

--
-- AUTO_INCREMENT for table `option_value_translations`
--
ALTER TABLE `option_value_translations`
  MODIFY `id` int UNSIGNED NOT NULL AUTO_INCREMENT, AUTO_INCREMENT=60;

--
-- AUTO_INCREMENT for table `orders`
--
ALTER TABLE `orders`
  MODIFY `id` int UNSIGNED NOT NULL AUTO_INCREMENT, AUTO_INCREMENT=5;

--
-- AUTO_INCREMENT for table `order_downloads`
--
ALTER TABLE `order_downloads`
  MODIFY `id` int UNSIGNED NOT NULL AUTO_INCREMENT;

--
-- AUTO_INCREMENT for table `order_products`
--
ALTER TABLE `order_products`
  MODIFY `id` int UNSIGNED NOT NULL AUTO_INCREMENT, AUTO_INCREMENT=5;

--
-- AUTO_INCREMENT for table `order_product_options`
--
ALTER TABLE `order_product_options`
  MODIFY `id` int UNSIGNED NOT NULL AUTO_INCREMENT, AUTO_INCREMENT=3;

--
-- AUTO_INCREMENT for table `pages`
--
ALTER TABLE `pages`
  MODIFY `id` int UNSIGNED NOT NULL AUTO_INCREMENT, AUTO_INCREMENT=6;

--
-- AUTO_INCREMENT for table `page_translations`
--
ALTER TABLE `page_translations`
  MODIFY `id` int UNSIGNED NOT NULL AUTO_INCREMENT, AUTO_INCREMENT=6;

--
-- AUTO_INCREMENT for table `persistences`
--
ALTER TABLE `persistences`
  MODIFY `id` int UNSIGNED NOT NULL AUTO_INCREMENT, AUTO_INCREMENT=18;

--
-- AUTO_INCREMENT for table `products`
--
ALTER TABLE `products`
  MODIFY `id` int UNSIGNED NOT NULL AUTO_INCREMENT, AUTO_INCREMENT=5;

--
-- AUTO_INCREMENT for table `product_attributes`
--
ALTER TABLE `product_attributes`
  MODIFY `id` int UNSIGNED NOT NULL AUTO_INCREMENT, AUTO_INCREMENT=12;

--
-- AUTO_INCREMENT for table `product_translations`
--
ALTER TABLE `product_translations`
  MODIFY `id` int UNSIGNED NOT NULL AUTO_INCREMENT, AUTO_INCREMENT=5;

--
-- AUTO_INCREMENT for table `reminders`
--
ALTER TABLE `reminders`
  MODIFY `id` int UNSIGNED NOT NULL AUTO_INCREMENT;

--
-- AUTO_INCREMENT for table `reviews`
--
ALTER TABLE `reviews`
  MODIFY `id` int UNSIGNED NOT NULL AUTO_INCREMENT;

--
-- AUTO_INCREMENT for table `roles`
--
ALTER TABLE `roles`
  MODIFY `id` int UNSIGNED NOT NULL AUTO_INCREMENT, AUTO_INCREMENT=3;

--
-- AUTO_INCREMENT for table `role_translations`
--
ALTER TABLE `role_translations`
  MODIFY `id` int UNSIGNED NOT NULL AUTO_INCREMENT, AUTO_INCREMENT=5;

--
-- AUTO_INCREMENT for table `search_terms`
--
ALTER TABLE `search_terms`
  MODIFY `id` int UNSIGNED NOT NULL AUTO_INCREMENT, AUTO_INCREMENT=2;

--
-- AUTO_INCREMENT for table `settings`
--
ALTER TABLE `settings`
  MODIFY `id` int UNSIGNED NOT NULL AUTO_INCREMENT, AUTO_INCREMENT=336;

--
-- AUTO_INCREMENT for table `setting_translations`
--
ALTER TABLE `setting_translations`
  MODIFY `id` int UNSIGNED NOT NULL AUTO_INCREMENT, AUTO_INCREMENT=108;

--
-- AUTO_INCREMENT for table `sliders`
--
ALTER TABLE `sliders`
  MODIFY `id` int UNSIGNED NOT NULL AUTO_INCREMENT, AUTO_INCREMENT=2;

--
-- AUTO_INCREMENT for table `slider_slides`
--
ALTER TABLE `slider_slides`
  MODIFY `id` int UNSIGNED NOT NULL AUTO_INCREMENT, AUTO_INCREMENT=4;

--
-- AUTO_INCREMENT for table `slider_slide_translations`
--
ALTER TABLE `slider_slide_translations`
  MODIFY `id` int UNSIGNED NOT NULL AUTO_INCREMENT, AUTO_INCREMENT=4;

--
-- AUTO_INCREMENT for table `slider_translations`
--
ALTER TABLE `slider_translations`
  MODIFY `id` int UNSIGNED NOT NULL AUTO_INCREMENT, AUTO_INCREMENT=2;

--
-- AUTO_INCREMENT for table `tags`
--
ALTER TABLE `tags`
  MODIFY `id` int UNSIGNED NOT NULL AUTO_INCREMENT, AUTO_INCREMENT=2;

--
-- AUTO_INCREMENT for table `tag_translations`
--
ALTER TABLE `tag_translations`
  MODIFY `id` int UNSIGNED NOT NULL AUTO_INCREMENT, AUTO_INCREMENT=2;

--
-- AUTO_INCREMENT for table `tax_classes`
--
ALTER TABLE `tax_classes`
  MODIFY `id` int UNSIGNED NOT NULL AUTO_INCREMENT, AUTO_INCREMENT=2;

--
-- AUTO_INCREMENT for table `tax_class_translations`
--
ALTER TABLE `tax_class_translations`
  MODIFY `id` int UNSIGNED NOT NULL AUTO_INCREMENT, AUTO_INCREMENT=2;

--
-- AUTO_INCREMENT for table `tax_rates`
--
ALTER TABLE `tax_rates`
  MODIFY `id` int UNSIGNED NOT NULL AUTO_INCREMENT, AUTO_INCREMENT=2;

--
-- AUTO_INCREMENT for table `tax_rate_translations`
--
ALTER TABLE `tax_rate_translations`
  MODIFY `id` int UNSIGNED NOT NULL AUTO_INCREMENT, AUTO_INCREMENT=2;

--
-- AUTO_INCREMENT for table `throttle`
--
ALTER TABLE `throttle`
  MODIFY `id` int UNSIGNED NOT NULL AUTO_INCREMENT;

--
-- AUTO_INCREMENT for table `transactions`
--
ALTER TABLE `transactions`
  MODIFY `id` int UNSIGNED NOT NULL AUTO_INCREMENT;

--
-- AUTO_INCREMENT for table `translations`
--
ALTER TABLE `translations`
  MODIFY `id` int UNSIGNED NOT NULL AUTO_INCREMENT, AUTO_INCREMENT=87;

--
-- AUTO_INCREMENT for table `translation_translations`
--
ALTER TABLE `translation_translations`
  MODIFY `id` int UNSIGNED NOT NULL AUTO_INCREMENT, AUTO_INCREMENT=87;

--
-- AUTO_INCREMENT for table `updater_scripts`
--
ALTER TABLE `updater_scripts`
  MODIFY `id` int UNSIGNED NOT NULL AUTO_INCREMENT, AUTO_INCREMENT=3;

--
-- AUTO_INCREMENT for table `users`
--
ALTER TABLE `users`
  MODIFY `id` int UNSIGNED NOT NULL AUTO_INCREMENT, AUTO_INCREMENT=4;

--
-- Constraints for dumped tables
--

--
-- Constraints for table `activations`
--
ALTER TABLE `activations`
  ADD CONSTRAINT `activations_user_id_foreign` FOREIGN KEY (`user_id`) REFERENCES `users` (`id`) ON DELETE CASCADE;

--
-- Constraints for table `addresses`
--
ALTER TABLE `addresses`
  ADD CONSTRAINT `addresses_customer_id_foreign` FOREIGN KEY (`customer_id`) REFERENCES `users` (`id`) ON DELETE CASCADE;

--
-- Constraints for table `attributes`
--
ALTER TABLE `attributes`
  ADD CONSTRAINT `attributes_attribute_set_id_foreign` FOREIGN KEY (`attribute_set_id`) REFERENCES `attribute_sets` (`id`) ON DELETE CASCADE;

--
-- Constraints for table `attribute_categories`
--
ALTER TABLE `attribute_categories`
  ADD CONSTRAINT `attribute_categories_attribute_id_foreign` FOREIGN KEY (`attribute_id`) REFERENCES `attributes` (`id`) ON DELETE CASCADE,
  ADD CONSTRAINT `attribute_categories_category_id_foreign` FOREIGN KEY (`category_id`) REFERENCES `categories` (`id`) ON DELETE CASCADE;

--
-- Constraints for table `attribute_set_translations`
--
ALTER TABLE `attribute_set_translations`
  ADD CONSTRAINT `attribute_set_translations_attribute_set_id_foreign` FOREIGN KEY (`attribute_set_id`) REFERENCES `attribute_sets` (`id`) ON DELETE CASCADE;

--
-- Constraints for table `attribute_translations`
--
ALTER TABLE `attribute_translations`
  ADD CONSTRAINT `attribute_translations_attribute_id_foreign` FOREIGN KEY (`attribute_id`) REFERENCES `attributes` (`id`) ON DELETE CASCADE;

--
-- Constraints for table `attribute_values`
--
ALTER TABLE `attribute_values`
  ADD CONSTRAINT `attribute_values_attribute_id_foreign` FOREIGN KEY (`attribute_id`) REFERENCES `attributes` (`id`) ON DELETE CASCADE;

--
-- Constraints for table `attribute_value_translations`
--
ALTER TABLE `attribute_value_translations`
  ADD CONSTRAINT `attribute_value_translations_attribute_value_id_foreign` FOREIGN KEY (`attribute_value_id`) REFERENCES `attribute_values` (`id`) ON DELETE CASCADE;

--
-- Constraints for table `categories`
--
ALTER TABLE `categories`
  ADD CONSTRAINT `categories_parent_id_foreign` FOREIGN KEY (`parent_id`) REFERENCES `categories` (`id`) ON DELETE CASCADE;

--
-- Constraints for table `category_translations`
--
ALTER TABLE `category_translations`
  ADD CONSTRAINT `category_translations_category_id_foreign` FOREIGN KEY (`category_id`) REFERENCES `categories` (`id`) ON DELETE CASCADE;

--
-- Constraints for table `coupon_categories`
--
ALTER TABLE `coupon_categories`
  ADD CONSTRAINT `coupon_categories_category_id_foreign` FOREIGN KEY (`category_id`) REFERENCES `categories` (`id`) ON DELETE CASCADE,
  ADD CONSTRAINT `coupon_categories_coupon_id_foreign` FOREIGN KEY (`coupon_id`) REFERENCES `coupons` (`id`) ON DELETE CASCADE;

--
-- Constraints for table `coupon_products`
--
ALTER TABLE `coupon_products`
  ADD CONSTRAINT `coupon_products_coupon_id_foreign` FOREIGN KEY (`coupon_id`) REFERENCES `coupons` (`id`) ON DELETE CASCADE,
  ADD CONSTRAINT `coupon_products_product_id_foreign` FOREIGN KEY (`product_id`) REFERENCES `products` (`id`) ON DELETE CASCADE;

--
-- Constraints for table `coupon_translations`
--
ALTER TABLE `coupon_translations`
  ADD CONSTRAINT `coupon_translations_coupon_id_foreign` FOREIGN KEY (`coupon_id`) REFERENCES `coupons` (`id`) ON DELETE CASCADE;

--
-- Constraints for table `cross_sell_products`
--
ALTER TABLE `cross_sell_products`
  ADD CONSTRAINT `cross_sell_products_cross_sell_product_id_foreign` FOREIGN KEY (`cross_sell_product_id`) REFERENCES `products` (`id`) ON DELETE CASCADE,
  ADD CONSTRAINT `cross_sell_products_product_id_foreign` FOREIGN KEY (`product_id`) REFERENCES `products` (`id`) ON DELETE CASCADE;

--
-- Constraints for table `default_addresses`
--
ALTER TABLE `default_addresses`
  ADD CONSTRAINT `default_addresses_address_id_foreign` FOREIGN KEY (`address_id`) REFERENCES `addresses` (`id`) ON DELETE CASCADE,
  ADD CONSTRAINT `default_addresses_customer_id_foreign` FOREIGN KEY (`customer_id`) REFERENCES `users` (`id`) ON DELETE CASCADE;

--
-- Constraints for table `entity_files`
--
ALTER TABLE `entity_files`
  ADD CONSTRAINT `entity_files_file_id_foreign` FOREIGN KEY (`file_id`) REFERENCES `files` (`id`) ON DELETE CASCADE;

--
-- Constraints for table `flash_sale_products`
--
ALTER TABLE `flash_sale_products`
  ADD CONSTRAINT `flash_sale_products_flash_sale_id_foreign` FOREIGN KEY (`flash_sale_id`) REFERENCES `flash_sales` (`id`) ON DELETE CASCADE,
  ADD CONSTRAINT `flash_sale_products_product_id_foreign` FOREIGN KEY (`product_id`) REFERENCES `products` (`id`) ON DELETE CASCADE;

--
-- Constraints for table `flash_sale_product_orders`
--
ALTER TABLE `flash_sale_product_orders`
  ADD CONSTRAINT `flash_sale_product_orders_flash_sale_product_id_foreign` FOREIGN KEY (`flash_sale_product_id`) REFERENCES `flash_sale_products` (`id`) ON DELETE CASCADE,
  ADD CONSTRAINT `flash_sale_product_orders_order_id_foreign` FOREIGN KEY (`order_id`) REFERENCES `orders` (`id`) ON DELETE CASCADE;

--
-- Constraints for table `flash_sale_translations`
--
ALTER TABLE `flash_sale_translations`
  ADD CONSTRAINT `flash_sale_translations_flash_sale_id_foreign` FOREIGN KEY (`flash_sale_id`) REFERENCES `flash_sales` (`id`) ON DELETE CASCADE;

--
-- Constraints for table `menu_items`
--
ALTER TABLE `menu_items`
  ADD CONSTRAINT `menu_items_category_id_foreign` FOREIGN KEY (`category_id`) REFERENCES `categories` (`id`) ON DELETE CASCADE,
  ADD CONSTRAINT `menu_items_menu_id_foreign` FOREIGN KEY (`menu_id`) REFERENCES `menus` (`id`) ON DELETE CASCADE,
  ADD CONSTRAINT `menu_items_page_id_foreign` FOREIGN KEY (`page_id`) REFERENCES `pages` (`id`) ON DELETE CASCADE,
  ADD CONSTRAINT `menu_items_parent_id_foreign` FOREIGN KEY (`parent_id`) REFERENCES `menu_items` (`id`) ON DELETE CASCADE;

--
-- Constraints for table `menu_item_translations`
--
ALTER TABLE `menu_item_translations`
  ADD CONSTRAINT `menu_item_translations_menu_item_id_foreign` FOREIGN KEY (`menu_item_id`) REFERENCES `menu_items` (`id`) ON DELETE CASCADE;

--
-- Constraints for table `menu_translations`
--
ALTER TABLE `menu_translations`
  ADD CONSTRAINT `menu_translations_menu_id_foreign` FOREIGN KEY (`menu_id`) REFERENCES `menus` (`id`) ON DELETE CASCADE;

--
-- Constraints for table `meta_data_translations`
--
ALTER TABLE `meta_data_translations`
  ADD CONSTRAINT `meta_data_translations_meta_data_id_foreign` FOREIGN KEY (`meta_data_id`) REFERENCES `meta_data` (`id`) ON DELETE CASCADE;

--
-- Constraints for table `option_translations`
--
ALTER TABLE `option_translations`
  ADD CONSTRAINT `option_translations_option_id_foreign` FOREIGN KEY (`option_id`) REFERENCES `options` (`id`) ON DELETE CASCADE;

--
-- Constraints for table `option_values`
--
ALTER TABLE `option_values`
  ADD CONSTRAINT `option_values_option_id_foreign` FOREIGN KEY (`option_id`) REFERENCES `options` (`id`) ON DELETE CASCADE;

--
-- Constraints for table `option_value_translations`
--
ALTER TABLE `option_value_translations`
  ADD CONSTRAINT `option_value_translations_option_value_id_foreign` FOREIGN KEY (`option_value_id`) REFERENCES `option_values` (`id`) ON DELETE CASCADE;

--
-- Constraints for table `order_downloads`
--
ALTER TABLE `order_downloads`
  ADD CONSTRAINT `order_downloads_file_id_foreign` FOREIGN KEY (`file_id`) REFERENCES `files` (`id`) ON DELETE CASCADE,
  ADD CONSTRAINT `order_downloads_order_id_foreign` FOREIGN KEY (`order_id`) REFERENCES `orders` (`id`) ON DELETE CASCADE;

--
-- Constraints for table `order_products`
--
ALTER TABLE `order_products`
  ADD CONSTRAINT `order_products_order_id_foreign` FOREIGN KEY (`order_id`) REFERENCES `orders` (`id`) ON DELETE CASCADE,
  ADD CONSTRAINT `order_products_product_id_foreign` FOREIGN KEY (`product_id`) REFERENCES `products` (`id`) ON DELETE CASCADE;

--
-- Constraints for table `order_product_options`
--
ALTER TABLE `order_product_options`
  ADD CONSTRAINT `order_product_options_option_id_foreign` FOREIGN KEY (`option_id`) REFERENCES `options` (`id`) ON DELETE CASCADE,
  ADD CONSTRAINT `order_product_options_order_product_id_foreign` FOREIGN KEY (`order_product_id`) REFERENCES `order_products` (`id`) ON DELETE CASCADE;

--
-- Constraints for table `order_product_option_values`
--
ALTER TABLE `order_product_option_values`
  ADD CONSTRAINT `order_product_option_values_option_value_id_foreign` FOREIGN KEY (`option_value_id`) REFERENCES `option_values` (`id`) ON DELETE CASCADE,
  ADD CONSTRAINT `order_product_option_values_order_product_option_id_foreign` FOREIGN KEY (`order_product_option_id`) REFERENCES `order_product_options` (`id`) ON DELETE CASCADE;

--
-- Constraints for table `order_taxes`
--
ALTER TABLE `order_taxes`
  ADD CONSTRAINT `order_taxes_order_id_foreign` FOREIGN KEY (`order_id`) REFERENCES `orders` (`id`) ON DELETE CASCADE,
  ADD CONSTRAINT `order_taxes_tax_rate_id_foreign` FOREIGN KEY (`tax_rate_id`) REFERENCES `tax_rates` (`id`) ON DELETE CASCADE;

--
-- Constraints for table `page_translations`
--
ALTER TABLE `page_translations`
  ADD CONSTRAINT `page_translations_page_id_foreign` FOREIGN KEY (`page_id`) REFERENCES `pages` (`id`) ON DELETE CASCADE;

--
-- Constraints for table `persistences`
--
ALTER TABLE `persistences`
  ADD CONSTRAINT `persistences_user_id_foreign` FOREIGN KEY (`user_id`) REFERENCES `users` (`id`) ON DELETE CASCADE;

--
-- Constraints for table `products`
--
ALTER TABLE `products`
  ADD CONSTRAINT `products_brand_id_foreign` FOREIGN KEY (`brand_id`) REFERENCES `brands` (`id`) ON DELETE SET NULL;

--
-- Constraints for table `product_attributes`
--
ALTER TABLE `product_attributes`
  ADD CONSTRAINT `product_attributes_attribute_id_foreign` FOREIGN KEY (`attribute_id`) REFERENCES `attributes` (`id`) ON DELETE CASCADE,
  ADD CONSTRAINT `product_attributes_product_id_foreign` FOREIGN KEY (`product_id`) REFERENCES `products` (`id`) ON DELETE CASCADE;

--
-- Constraints for table `product_attribute_values`
--
ALTER TABLE `product_attribute_values`
  ADD CONSTRAINT `product_attribute_values_attribute_value_id_foreign` FOREIGN KEY (`attribute_value_id`) REFERENCES `attribute_values` (`id`) ON DELETE CASCADE,
  ADD CONSTRAINT `product_attribute_values_product_attribute_id_foreign` FOREIGN KEY (`product_attribute_id`) REFERENCES `product_attributes` (`id`) ON DELETE CASCADE;

--
-- Constraints for table `product_categories`
--
ALTER TABLE `product_categories`
  ADD CONSTRAINT `product_categories_category_id_foreign` FOREIGN KEY (`category_id`) REFERENCES `categories` (`id`) ON DELETE CASCADE,
  ADD CONSTRAINT `product_categories_product_id_foreign` FOREIGN KEY (`product_id`) REFERENCES `products` (`id`) ON DELETE CASCADE;

--
-- Constraints for table `product_options`
--
ALTER TABLE `product_options`
  ADD CONSTRAINT `product_options_option_id_foreign` FOREIGN KEY (`option_id`) REFERENCES `options` (`id`) ON DELETE CASCADE,
  ADD CONSTRAINT `product_options_product_id_foreign` FOREIGN KEY (`product_id`) REFERENCES `products` (`id`) ON DELETE CASCADE;

--
-- Constraints for table `product_tags`
--
ALTER TABLE `product_tags`
  ADD CONSTRAINT `product_tags_product_id_foreign` FOREIGN KEY (`product_id`) REFERENCES `products` (`id`) ON DELETE CASCADE,
  ADD CONSTRAINT `product_tags_tag_id_foreign` FOREIGN KEY (`tag_id`) REFERENCES `tags` (`id`) ON DELETE CASCADE;

--
-- Constraints for table `product_translations`
--
ALTER TABLE `product_translations`
  ADD CONSTRAINT `product_translations_product_id_foreign` FOREIGN KEY (`product_id`) REFERENCES `products` (`id`) ON DELETE CASCADE;

--
-- Constraints for table `related_products`
--
ALTER TABLE `related_products`
  ADD CONSTRAINT `related_products_product_id_foreign` FOREIGN KEY (`product_id`) REFERENCES `products` (`id`) ON DELETE CASCADE,
  ADD CONSTRAINT `related_products_related_product_id_foreign` FOREIGN KEY (`related_product_id`) REFERENCES `products` (`id`) ON DELETE CASCADE;

--
-- Constraints for table `reminders`
--
ALTER TABLE `reminders`
  ADD CONSTRAINT `reminders_user_id_foreign` FOREIGN KEY (`user_id`) REFERENCES `users` (`id`) ON DELETE CASCADE;

--
-- Constraints for table `reviews`
--
ALTER TABLE `reviews`
  ADD CONSTRAINT `reviews_product_id_foreign` FOREIGN KEY (`product_id`) REFERENCES `products` (`id`) ON DELETE CASCADE;

--
-- Constraints for table `role_translations`
--
ALTER TABLE `role_translations`
  ADD CONSTRAINT `role_translations_role_id_foreign` FOREIGN KEY (`role_id`) REFERENCES `roles` (`id`) ON DELETE CASCADE;

--
-- Constraints for table `setting_translations`
--
ALTER TABLE `setting_translations`
  ADD CONSTRAINT `setting_translations_setting_id_foreign` FOREIGN KEY (`setting_id`) REFERENCES `settings` (`id`) ON DELETE CASCADE;

--
-- Constraints for table `slider_slides`
--
ALTER TABLE `slider_slides`
  ADD CONSTRAINT `slider_slides_slider_id_foreign` FOREIGN KEY (`slider_id`) REFERENCES `sliders` (`id`) ON DELETE CASCADE;

--
-- Constraints for table `slider_slide_translations`
--
ALTER TABLE `slider_slide_translations`
  ADD CONSTRAINT `slider_slide_translations_slider_slide_id_foreign` FOREIGN KEY (`slider_slide_id`) REFERENCES `slider_slides` (`id`) ON DELETE CASCADE;

--
-- Constraints for table `slider_translations`
--
ALTER TABLE `slider_translations`
  ADD CONSTRAINT `slider_translations_slider_id_foreign` FOREIGN KEY (`slider_id`) REFERENCES `sliders` (`id`) ON DELETE CASCADE;

--
-- Constraints for table `tag_translations`
--
ALTER TABLE `tag_translations`
  ADD CONSTRAINT `tag_translations_tag_id_foreign` FOREIGN KEY (`tag_id`) REFERENCES `tags` (`id`) ON DELETE CASCADE;

--
-- Constraints for table `tax_class_translations`
--
ALTER TABLE `tax_class_translations`
  ADD CONSTRAINT `tax_class_translations_tax_class_id_foreign` FOREIGN KEY (`tax_class_id`) REFERENCES `tax_classes` (`id`) ON DELETE CASCADE;

--
-- Constraints for table `tax_rates`
--
ALTER TABLE `tax_rates`
  ADD CONSTRAINT `tax_rates_tax_class_id_foreign` FOREIGN KEY (`tax_class_id`) REFERENCES `tax_classes` (`id`) ON DELETE CASCADE;

--
-- Constraints for table `tax_rate_translations`
--
ALTER TABLE `tax_rate_translations`
  ADD CONSTRAINT `tax_rate_translations_tax_rate_id_foreign` FOREIGN KEY (`tax_rate_id`) REFERENCES `tax_rates` (`id`) ON DELETE CASCADE;

--
-- Constraints for table `throttle`
--
ALTER TABLE `throttle`
  ADD CONSTRAINT `throttle_user_id_foreign` FOREIGN KEY (`user_id`) REFERENCES `users` (`id`) ON DELETE CASCADE;

--
-- Constraints for table `transactions`
--
ALTER TABLE `transactions`
  ADD CONSTRAINT `transactions_order_id_foreign` FOREIGN KEY (`order_id`) REFERENCES `orders` (`id`) ON DELETE CASCADE;

--
-- Constraints for table `translation_translations`
--
ALTER TABLE `translation_translations`
  ADD CONSTRAINT `translation_translations_translation_id_foreign` FOREIGN KEY (`translation_id`) REFERENCES `translations` (`id`) ON DELETE CASCADE;

--
-- Constraints for table `up_sell_products`
--
ALTER TABLE `up_sell_products`
  ADD CONSTRAINT `up_sell_products_product_id_foreign` FOREIGN KEY (`product_id`) REFERENCES `products` (`id`) ON DELETE CASCADE,
  ADD CONSTRAINT `up_sell_products_up_sell_product_id_foreign` FOREIGN KEY (`up_sell_product_id`) REFERENCES `products` (`id`) ON DELETE CASCADE;

--
-- Constraints for table `user_roles`
--
ALTER TABLE `user_roles`
  ADD CONSTRAINT `user_roles_role_id_foreign` FOREIGN KEY (`role_id`) REFERENCES `roles` (`id`) ON DELETE CASCADE,
  ADD CONSTRAINT `user_roles_user_id_foreign` FOREIGN KEY (`user_id`) REFERENCES `users` (`id`) ON DELETE CASCADE;

--
-- Constraints for table `wish_lists`
--
ALTER TABLE `wish_lists`
  ADD CONSTRAINT `wish_lists_product_id_foreign` FOREIGN KEY (`product_id`) REFERENCES `products` (`id`) ON DELETE CASCADE,
  ADD CONSTRAINT `wish_lists_user_id_foreign` FOREIGN KEY (`user_id`) REFERENCES `users` (`id`) ON DELETE CASCADE;
COMMIT;

/*!40101 SET CHARACTER_SET_CLIENT=@OLD_CHARACTER_SET_CLIENT */;
/*!40101 SET CHARACTER_SET_RESULTS=@OLD_CHARACTER_SET_RESULTS */;
/*!40101 SET COLLATION_CONNECTION=@OLD_COLLATION_CONNECTION */;
